{
    "version": 7.006,
    "pakage": "Portable",
    "Changelog": "\u2757Important Update\u2757\n\nWorked on the core features to make them seamless, fixed many bugs, and made several enhancements and optimizations.\n\nReduced the dictionary size by 21.54% and added suffixes to minimize unnecessary memory usage.",
    "size": "12 MB",
    "reinstall": false,
    "minVersion": 5.0,
    "logVersion": 2,
    "releaseDate": "Thursday, July 17, 2025",
    "time": "19:31:46 GMT+6 (Dhaka)",
    "mandatory": false,
    "outDatedVersion": 5.5,
    "bit": "x64"
}