{
    "size": -2,
    "btnWidth": 22,
    "btnHeight": 20,
    "paddingX": 5,
    "paddingy": 4,
    "IconSize": 18,
    "animationDuration": 210,
    "barOpacity": 1.0,
    "styleSheet": "QFrame{\nborder: none;\nborder-radius:3px;\nbackground-color: qlineargradient(spread:pad, x1:1, y1:1, x2:0, y2:0, stop:0 rgba(1, 99, 234, 255), stop:1 rgba(58, 156, 222, 255));\n\nbackground-color: qlineargradient(spread:pad, x1:1, y1:1, x2:0, y2:0, stop:0 rgba(1, 99, 234, 255), stop:1 rgba(25, 219, 254, 255));\n}\n\n QLabel {\nborder-radius:4px;\nborder:none;\nbackground-color: rgb(255, 255, 255);\nfont: 57 12px \"DM Mono Medium\";\n}\n\n\nQPushButton{\nbackground:transparent;\nborder:none;\nborder-radius:4px;\n\n\n}\n\nQPushButton::menu-indicator { image: none; }\nQPushButton#Lang_Button{\nborder-radius:3px;\nfont: 57 12px \"DM Mono Medium\";\ncolor: black;\nborder:none;\nbackground-color: rgb(255, 255, 255);\n}\n\nQPushButton#Lang_Button:hover{\ncolor: qlineargradient(spread:pad, x1:0, y1:0, x2:1, y2:1, stop:0 rgba(63, 63, 63, 255), stop:1 rgba(33, 33, 33, 255));\nbackground-color: qlineargradient(spread:pad, x1:0.505636, y1:0.221, x2:0.431818, y2:1, stop:0 rgba(89, 255, 255, 255), stop:1 rgba(60, 138, 255, 255));\nbackground-color: qlineargradient(spread:pad, x1:1, y1:1, x2:0.977727, y2:0, stop:0 rgba(160, 207, 255, 255), stop:1 rgba(255, 255, 255, 255));\n}\n\nQPushButton:hover{\nbackground-color: qlineargradient(spread:pad, x1:1, y1:1, x2:1, y2:0, stop:0 rgba(1, 108, 255, 255), stop:1 rgba(133, 216, 255, 255));\nborder-radius:3px;\n}\n\nQPushButton#Lang_Button:pressed{\nbackground-color: qlineargradient(spread:pad, x1:0.767, y1:1, x2:1, y2:0, stop:0 rgba(0, 244, 255, 250), stop:1 rgba(3, 115, 255, 250));\n}\n\nQPushButton:pressed{\nbackground-color: qlineargradient(spread:pad, x1:0.767, y1:1, x2:1, y2:0, stop:0 rgba(0, 244, 255, 250), stop:1 rgba(3, 115, 255, 250));\"\n}\n \n",
    "micIconPath": "Imgs\\Icons\\Mic 2 png.png",
    "stopIconPath": "Imgs\\Icons\\Stop 2 png.png",
    "playIconPath": "Imgs\\Icons\\T_M_off.png",
    "PauseIconPath": "Imgs\\Icons\\T_M_on.png",
    "managerIconPath": "Imgs\\Icons\\WordManager PNG.png",
    "oskIconPath": "Imgs\\Icons\\OSK logo png.png",
    "docPadIconPath": "Imgs\\Icons\\Doc pad PNG.png",
    "optionsIconPath": "Imgs\\Icons\\Gear 4.png",
    "appIconPath": "Imgs\\Icons\\Close final correction.png",
    "langBtnWiden": 2,
    "leftRghtPadding": 4
}