{
    "Recents": [
        "🗡",
        "❌",
        "❓",
        "😴",
        "💠",
        "🙀",
        "🥃",
        "🐳",
        "🇧🇩",
        "🤤",
        "🐍",
        "⛈",
        "👽",
        "💹",
        "🙈",
        "❗"
    ],
    "Favourites": [
        "🥶",
        "🌩",
        "💹",
        "🦄",
        "🤖",
        "⛈",
        "🦁"
    ],
    "Faces": [
        "😃",
        "😄",
        "😁",
        "😆",
        "😅",
        "🤣",
        "😂",
        "🙂",
        "🙃",
        "😉",
        "😊",
        "😇",
        "🥰",
        "😍",
        "🤩",
        "😘",
        "😗",
        "☺",
        "😚",
        "😙",
        "😋",
        "😛",
        "😜",
        "🤪",
        "😝",
        "🤑",
        "🤗",
        "🤭",
        "🤫",
        "🤔",
        "🤐",
        "🤨",
        "😐",
        "😑",
        "😶",
        "😏",
        "😒",
        "🙄",
        "😬",
        "🤥",
        "😌",
        "😔",
        "😪",
        "🤤",
        "😴",
        "😷",
        "🤒",
        "🤕",
        "🤢",
        "🤮",
        "🤧",
        "🥵",
        "🥶",
        "🥴",
        "😵",
        "🤯",
        "🤠",
        "🥳",
        "😎",
        "🤓",
        "🧐",
        "😕",
        "😟",
        "🙁",
        "☹",
        "😮",
        "😯",
        "😲",
        "😳",
        "🥺",
        "😦",
        "😧",
        "😨",
        "😰",
        "😥",
        "😢",
        "😭",
        "😱",
        "😖",
        "😣",
        "😞",
        "😓",
        "😩",
        "😫",
        "🥱",
        "😤",
        "😡",
        "😠",
        "🤬",
        "😈",
        "👿",
        "💀",
        "☠",
        "💩",
        "🤡",
        "👹",
        "👺",
        "👻",
        "👽",
        "👾",
        "🤖",
        "😺",
        "😸",
        "😹",
        "😻",
        "😼",
        "😽",
        "🙀",
        "😿",
        "😾",
        "🙈",
        "🙉",
        "🙊"
    ],
    "People & Body": [
        "🤚",
        "🖐",
        "✋",
        "🖖",
        "👌",
        "🤏",
        "✌",
        "🤞",
        "🤟",
        "🤘",
        "🤙",
        "👈",
        "👉",
        "👆",
        "🖕",
        "👇",
        "☝",
        "👍",
        "👎",
        "✊",
        "👊",
        "🤛",
        "🤜",
        "👏",
        "🙌",
        "👐",
        "🤲",
        "🤝",
        "🙏",
        "✍",
        "💅",
        "🤳",
        "💪",
        "🦾",
        "🦿",
        "🦵",
        "🦶",
        "👂",
        "🦻",
        "👃",
        "🧠",
        "🦷",
        "🦴",
        "👀",
        "👁",
        "👅",
        "👄",
        "👶",
        "🧒",
        "👦",
        "👧",
        "🧑",
        "👱",
        "👨",
        "🧔",
        "👩",
        "🧓",
        "👴",
        "👵",
        "🙍",
        "🙎",
        "🙅",
        "🙆",
        "💁",
        "🙋",
        "🧏",
        "🙇",
        "🤦",
        "🤷",
        "👮",
        "🕵",
        "💂",
        "👷",
        "🤴",
        "👸",
        "👳",
        "👲",
        "🧕",
        "🤵",
        "👰",
        "🤰",
        "🤱",
        "👼",
        "🎅",
        "🤶",
        "🦸",
        "🦹",
        "🧙",
        "🧚",
        "🧛",
        "🧜",
        "🧝",
        "🧞",
        "🧟",
        "💆",
        "💇",
        "🚶",
        "🧍",
        "🧎",
        "🏃",
        "💃",
        "🕺",
        "🕴",
        "👯",
        "🧖",
        "🧗"
    ],
    "Person-sport": [
        "🏇",
        "⛷",
        "🏂",
        "🏌",
        "🏄",
        "🚣",
        "🏊",
        "⛹",
        "🏋",
        "🚴",
        "🚵",
        "🤸",
        "🤼",
        "🤽",
        "🤾",
        "🤹"
    ],
    "Person-resting": [
        "🛀",
        "🛌",
        "👭",
        "👫",
        "👬",
        "💏",
        "💑",
        "👪"
    ],
    "Person-symbol": [
        "👤",
        "👥",
        "👣",
        "🦰",
        "🦱",
        "🦳",
        "🦲"
    ],
    "Heart": [
        "💘",
        "💝",
        "💖",
        "💗",
        "💓",
        "💞",
        "💕",
        "💟",
        "❣",
        "💔",
        "❤",
        "🧡",
        "💛",
        "💚",
        "💙",
        "💜",
        "🤎",
        "🖤",
        "🤍"
    ],
    "Emotion": [
        "💯",
        "💢",
        "💥",
        "💫",
        "💦",
        "💨",
        "🕳",
        "💬",
        "🗨",
        "🗯",
        "💭",
        "💤"
    ],
    "Transport": [
        "🚃",
        "🚄",
        "🚅",
        "🚆",
        "🚇",
        "🚈",
        "🚉",
        "🚊",
        "🚝",
        "🚞",
        "🚋",
        "🚌",
        "🚍",
        "🚎",
        "🚐",
        "🚑",
        "🚒",
        "🚓",
        "🚔",
        "🚕",
        "🚖",
        "🚗",
        "🚘",
        "🚙",
        "🚚",
        "🚛",
        "🚜",
        "🏎",
        "🏍",
        "🛵",
        "🦽",
        "🦼",
        "🛺",
        "🚲",
        "🛴",
        "🛹",
        "🚏",
        "🛣",
        "🛤",
        "🛢",
        "⛽",
        "🚨",
        "🚥",
        "🚦",
        "🛑",
        "🚧",
        "⚓",
        "⛵",
        "🛶",
        "🚤",
        "🛳",
        "⛴",
        "🛥",
        "🚢",
        "✈",
        "🛩",
        "🛫",
        "🛬",
        "🪂",
        "💺",
        "🚁",
        "🚟",
        "🚠",
        "🚡",
        "🛰",
        "🚀",
        "🛸",
        "🛎",
        "🧳"
    ],
    "Place": [
        "🌎",
        "🌏",
        "🌐",
        "🗺",
        "🗾",
        "🧭",
        "🏔",
        "⛰",
        "🌋",
        "🗻",
        "🏕",
        "🏖",
        "🏜",
        "🏝",
        "🏞",
        "🏟",
        "🏛",
        "🏗",
        "🧱",
        "🏘",
        "🏚",
        "🏠",
        "🏡",
        "🏢",
        "🏣",
        "🏤",
        "🏥",
        "🏦",
        "🏨",
        "🏩",
        "🏪",
        "🏫",
        "🏬",
        "🏭",
        "🏯",
        "🏰",
        "💒",
        "🗼",
        "🗽",
        "⛪",
        "🕌",
        "🛕",
        "🕍",
        "⛩",
        "🕋",
        "⛲",
        "⛺",
        "🌁",
        "🌃",
        "🏙",
        "🌄",
        "🌅",
        "🌆",
        "🌇",
        "🌉",
        "♨",
        "🎠",
        "🎡",
        "🎢",
        "💈",
        "🎪"
    ],
    "Animals": [
        "🐒",
        "🦍",
        "🦧",
        "🐶",
        "🐕",
        "🦮",
        "🐩",
        "🐺",
        "🦊",
        "🦝",
        "🐱",
        "🐈",
        "🦁",
        "🐯",
        "🐅",
        "🐆",
        "🐴",
        "🐎",
        "🦄",
        "🦓",
        "🦌",
        "🐮",
        "🐂",
        "🐃",
        "🐄",
        "🐷",
        "🐖",
        "🐗",
        "🐽",
        "🐏",
        "🐑",
        "🐐",
        "🐪",
        "🐫",
        "🦙",
        "🦒",
        "🐘",
        "🦏",
        "🦛",
        "🐭",
        "🐁",
        "🐀",
        "🐹",
        "🐰",
        "🐇",
        "🐿",
        "🦔",
        "🦇",
        "🐻",
        "🐨",
        "🐼",
        "🦥",
        "🦦",
        "🦨",
        "🦘",
        "🦡",
        "🐾",
        "🦃",
        "🐔",
        "🐓",
        "🐣",
        "🐤",
        "🐥",
        "🐦",
        "🐧",
        "🕊",
        "🦅",
        "🦆",
        "🦢",
        "🦉",
        "🦩",
        "🦚",
        "🦜",
        "🐸",
        "🐊",
        "🐢",
        "🦎",
        "🐍",
        "🐲",
        "🐉",
        "🦕",
        "🦖",
        "🐳",
        "🐋",
        "🐬",
        "🐟",
        "🐠",
        "🐡",
        "🦈",
        "🐙",
        "🐚",
        "🐌",
        "🦋",
        "🐛",
        "🐜",
        "🐝",
        "🐞",
        "🦗",
        "🕷",
        "🕸",
        "🦂",
        "🦟",
        "🦠"
    ],
    "Plants": [
        "🌸",
        "💮",
        "🏵",
        "🌹",
        "🥀",
        "🌺",
        "🌻",
        "🌼",
        "🌷",
        "🌱",
        "🌲",
        "🌳",
        "🌴",
        "🌵",
        "🌾",
        "🌿",
        "☘",
        "🍀",
        "🍁",
        "🍂",
        "🍃",
        "🍄"
    ],
    "Food": [
        "🍈",
        "🍉",
        "🍊",
        "🍋",
        "🍌",
        "🍍",
        "🥭",
        "🍎",
        "🍏",
        "🍐",
        "🍑",
        "🍒",
        "🍓",
        "🥝",
        "🍅",
        "🥥",
        "🥑",
        "🍆",
        "🥔",
        "🥕",
        "🌽",
        "🌶",
        "🥒",
        "🥬",
        "🥦",
        "🧄",
        "🧅",
        "🥜",
        "🌰",
        "🍞",
        "🥐",
        "🥖",
        "🥨",
        "🥯",
        "🥞",
        "🧇",
        "🧀",
        "🍖",
        "🍗",
        "🥩",
        "🥓",
        "🍔",
        "🍟",
        "🍕",
        "🌭",
        "🥙",
        "🧆",
        "🥚",
        "🍳",
        "🥘",
        "🍲",
        "🥣",
        "🥗",
        "🍿",
        "🧈",
        "🧂",
        "🥫",
        "🍱",
        "🍘",
        "🍙",
        "🍚",
        "🍛",
        "🍜",
        "🍝",
        "🍠",
        "🍢",
        "🍣",
        "🍤",
        "🍥",
        "🥮",
        "🍡",
        "🥟",
        "🥠",
        "🥡",
        "🦀",
        "🦞",
        "🦐",
        "🦑",
        "🦪",
        "🍦",
        "🍧",
        "🍨",
        "🍩",
        "🍪",
        "🎂",
        "🍰",
        "🧁",
        "🥧",
        "🍫",
        "🍬",
        "🍭",
        "🍮",
        "🍯",
        "🍼",
        "🥛",
        "☕",
        "🍵",
        "🍶",
        "🍾",
        "🍷",
        "🍸",
        "🍹",
        "🍺",
        "🍻",
        "🥂",
        "🥃",
        "🥤",
        "🧃",
        "🧉",
        "🧊"
    ],
    "Time": [
        "⏳",
        "⌚",
        "⏰",
        "⏱",
        "⏲",
        "🕰",
        "🕛",
        "🕧",
        "🕐",
        "🕜",
        "🕑",
        "🕝",
        "🕒",
        "🕞",
        "🕓",
        "🕟",
        "🕔",
        "🕠",
        "🕕",
        "🕡",
        "🕖",
        "🕢",
        "🕗",
        "🕣",
        "🕘",
        "🕤",
        "🕙",
        "🕥",
        "🕚",
        "🕦",
        "🌑",
        "🌒",
        "🌓",
        "🌔",
        "🌕",
        "🌖",
        "🌗",
        "🌘",
        "🌙",
        "🌚",
        "🌛",
        "🌜",
        "🌡",
        "☀",
        "🌝",
        "🌞",
        "🪐",
        "⭐",
        "🌟",
        "🌠",
        "🌌",
        "☁",
        "⛅",
        "⛈",
        "🌤",
        "🌥",
        "🌦",
        "🌧",
        "🌨",
        "🌩",
        "🌪",
        "🌫",
        "🌬",
        "🌀",
        "🌈",
        "🌂",
        "☂",
        "☔",
        "⛱",
        "⚡",
        "❄",
        "☃",
        "⛄",
        "☄",
        "🔥",
        "💧",
        "🌊"
    ],
    "Event": [
        "🎄",
        "🎆",
        "🎇",
        "🧨",
        "✨",
        "🎈",
        "🎉",
        "🎊",
        "🎋",
        "🎍",
        "🎎",
        "🎏",
        "🎐",
        "🎑",
        "🧧",
        "🎀",
        "🎁",
        "🎗",
        "🎟",
        "🎫"
    ],
    "Award-medal": [
        "🏆",
        "🏅",
        "🥇",
        "🥈",
        "🥉"
    ],
    "Sport-game": [
        "⚾",
        "🥎",
        "🏀",
        "🏐",
        "🏈",
        "🏉",
        "🎾",
        "🥏",
        "🎳",
        "🏏",
        "🏑",
        "🏒",
        "🥍",
        "🏓",
        "🏸",
        "🥊",
        "🥋",
        "🥅",
        "⛳",
        "⛸",
        "🎣",
        "🤿",
        "🎽",
        "🎿",
        "🛷",
        "🥌",
        "🎯",
        "🪀",
        "🪁",
        "🔫",
        "🎱",
        "🔮",
        "🎮",
        "🕹",
        "🎰",
        "🎲",
        "🧩",
        "🧸",
        "♠",
        "♥",
        "♦",
        "♣",
        "♟",
        "🃏",
        "🀄",
        "🎴"
    ],
    "Objects": [
        "🖼",
        "🎨",
        "🧵",
        "🧶",
        "👓",
        "🕶",
        "🥽",
        "🥼",
        "🦺",
        "👔",
        "👕",
        "👖",
        "🧣",
        "🧤",
        "🧥",
        "🧦",
        "👗",
        "👘",
        "🥻",
        "🩱",
        "🩲",
        "🩳",
        "👙",
        "👚",
        "👛",
        "👜",
        "👝",
        "🛍",
        "🎒",
        "👞",
        "👟",
        "🥾",
        "🥿",
        "👠",
        "👡",
        "🩰",
        "👢",
        "👑",
        "👒",
        "🎩",
        "🎓",
        "🧢",
        "⛑",
        "📿",
        "💄",
        "💍",
        "💎"
    ],
    "Sound": [
        "🔈",
        "🔉",
        "🔊",
        "📢",
        "📣",
        "📯",
        "🔔",
        "🔕"
    ],
    "Music": [
        "🎵",
        "🎶",
        "🎙",
        "🎚",
        "🎛",
        "🎤",
        "🎧",
        "📻",
        "🎷",
        "🎸",
        "🎹",
        "🎺",
        "🎻",
        "🪕",
        "🥁"
    ],
    "Phone-computer": [
        "📲",
        "☎",
        "📞",
        "📟",
        "📠",
        "🔋",
        "🔌",
        "💻",
        "🖥",
        "🖨",
        "⌨",
        "🖱",
        "🖲",
        "💽",
        "💾",
        "💿",
        "📀",
        "🧮"
    ],
    "Light & video": [
        "🎞",
        "📽",
        "🎬",
        "📺",
        "📷",
        "📸",
        "📹",
        "📼",
        "🔍",
        "🔎",
        "🕯",
        "💡",
        "🔦",
        "🏮",
        "🪔"
    ],
    "Book-paper": [
        "📕",
        "📖",
        "📗",
        "📘",
        "📙",
        "📚",
        "📓",
        "📒",
        "📃",
        "📜",
        "📄",
        "📰",
        "🗞",
        "📑",
        "🔖",
        "🏷"
    ],
    "Money": [
        "💴",
        "💵",
        "💶",
        "💷",
        "💸",
        "💳",
        "🧾",
        "💹"
    ],
    "Mail": [
        "📧",
        "📨",
        "📩",
        "📤",
        "📥",
        "📦",
        "📫",
        "📪",
        "📬",
        "📭",
        "📮",
        "🗳"
    ],
    "Writing": [
        "✒",
        "🖋",
        "🖊",
        "🖌",
        "🖍",
        "📝"
    ],
    "Dishware": [
        "🍽",
        "🍴",
        "🥄",
        "🔪",
        "🏺"
    ],
    "Office": [
        "📁",
        "📂",
        "🗂",
        "🩸",
        "📅",
        "📆",
        "🗒",
        "🗓",
        "📇",
        "📈",
        "📉",
        "📊",
        "📋",
        "📌",
        "📍",
        "📎",
        "🖇",
        "📏",
        "📐",
        "✂",
        "🗃",
        "🗄",
        "🗑",
        "🔒",
        "🔓",
        "🔏",
        "🔐",
        "🔑",
        "🗝",
        "🔨",
        "🪓",
        "⛏",
        "⚒",
        "🛠",
        "🗡",
        "⚔",
        "💣",
        "🏹",
        "🛡",
        "🔧",
        "🔩",
        "⚙",
        "🗜",
        "⚖",
        "🦯",
        "🔗",
        "⛓",
        "🧰",
        "🧲",
        "⚗",
        "🧪",
        "🧫",
        "🧬",
        "🔬",
        "🔭",
        "📡",
        "💉",
        "💊",
        "🩹",
        "🩺",
        "🚪",
        "🛏",
        "🛋",
        "🪑",
        "🚽",
        "🚿",
        "🛁",
        "🧴",
        "🧷",
        "🧹",
        "🧺",
        "🧻",
        "🧼",
        "🧽",
        "🧯",
        "🛒",
        "🚬",
        "⚰",
        "⚱",
        "🧿",
        "🗿",
        "🪒"
    ],
    "Transport-sign": [
        "🚮",
        "🚰",
        "♿",
        "🚹",
        "🚺",
        "🚻",
        "🚼",
        "🚾",
        "🛂",
        "🛃",
        "🛄",
        "🛅"
    ],
    "Warning": [
        "🚸",
        "⛔",
        "🚫",
        "🚳",
        "🚭",
        "🚯",
        "🚱",
        "🚷",
        "📵",
        "🔞",
        "☢",
        "☣"
    ],
    "Arrow": [
        "↗",
        "➡",
        "↘",
        "⬇",
        "↙",
        "⬅",
        "↖",
        "↕",
        "↔",
        "↩",
        "↪",
        "⤴",
        "⤵",
        "🔃",
        "🔄",
        "🔙",
        "🔚",
        "🔛",
        "🔜",
        "🔝"
    ],
    "Religion": [
        "🕊︎",
        "✝",
        "☪",
        "🔯",
        "⚛",
        "🕉",
        "✡",
        "☸",
        "☯",
        "☦",
        "☮",
        "🕎"
    ],
    "Av-symbol": [
        "🔁",
        "🔂",
        "▶",
        "⏩",
        "⏭",
        "⏯",
        "◀",
        "⏪",
        "⏮",
        "🔼",
        "⏫",
        "🔽",
        "⏬",
        "⏸",
        "⏹",
        "⏺",
        "⏏",
        "🎦",
        "🔅",
        "🔆",
        "📶",
        "📳",
        "📴",
        "♀",
        "♂",
        "⚧"
    ],
    "Zodiac": [
        "♉",
        "♊",
        "♋",
        "♌",
        "♍",
        "♎",
        "♏",
        "♐",
        "♑",
        "♒",
        "♓",
        "⛎"
    ],
    "Math": [
        "➕",
        "➖",
        "➗",
        "♾",
        "‼",
        "⁉",
        "❓",
        "❔",
        "❕",
        "❗",
        "〰",
        "💱",
        "💲",
        "⚕",
        "♻",
        "⚜",
        "🔱",
        "📛",
        "🔰",
        "⭕",
        "✅",
        "☑",
        "✔",
        "❌",
        "❎",
        "➰",
        "➿",
        "〽",
        "✳",
        "✴",
        "❇",
        "©",
        "®",
        "™",
        "🔟",
        "🔠",
        "🔡",
        "🔢",
        "🔣",
        "🔤",
        "🅰",
        "🆎",
        "🅱",
        "🆑",
        "🆒",
        "🆓",
        "ℹ",
        "🆔",
        "Ⓜ",
        "🆕",
        "🆖",
        "🅾",
        "🆗",
        "🅿",
        "🆘",
        "🆙",
        "🆚",
        "🈁",
        "🈂",
        "🈷",
        "🈶",
        "🈯",
        "🉐",
        "🈹",
        "🈚",
        "🈲",
        "🉑",
        "🈸",
        "🈴",
        "🈳",
        "㊗",
        "㊙",
        "🈺",
        "🈵",
        "🔴",
        "🟠",
        "🟡",
        "🟢",
        "🔵",
        "🟣",
        "🟤",
        "⚫",
        "⚪",
        "🟥",
        "🟧",
        "🟨",
        "🟩",
        "🟦",
        "🟪",
        "🟫",
        "⬛",
        "⬜",
        "◼",
        "◻",
        "◾",
        "◽",
        "▪",
        "▫",
        "🔶",
        "🔷",
        "🔸",
        "🔹",
        "🔺",
        "🔻",
        "💠",
        "🔘",
        "🔳",
        "🔲"
    ],
    "Flag": [
        "🏁",
        "🚩",
        "🎌",
        "🏴",
        "🏳",
        "🏳️‍⚧️",
        "🏴‍☠️",
        "🇦🇨",
        "🇦🇩",
        "🇦🇪",
        "🇦🇫",
        "🇦🇬",
        "🇦🇮",
        "🇦🇱",
        "🇦🇲",
        "🇦🇴",
        "🇦🇶",
        "🇦🇷",
        "🇦🇸",
        "🇦🇹",
        "🇦🇺",
        "🇦🇼",
        "🇦🇽",
        "🇦🇿",
        "🇧🇦",
        "🇧🇧",
        "🇧🇩",
        "🇧🇪",
        "🇧🇫",
        "🇧🇬",
        "🇧🇭",
        "🇧🇮",
        "🇧🇯",
        "🇧🇱",
        "🇧🇲",
        "🇧🇳",
        "🇧🇴",
        "🇧🇶",
        "🇧🇷",
        "🇧🇸",
        "🇧🇹",
        "🇧🇻",
        "🇧🇼",
        "🇧🇾",
        "🇧🇿",
        "🇨🇦",
        "🇨🇨",
        "🇨🇩",
        "🇨🇫",
        "🇨🇬",
        "🇨🇭",
        "🇨🇮",
        "🇨🇰",
        "🇨🇱",
        "🇨🇲",
        "🇨🇳",
        "🇨🇴",
        "🇨🇵",
        "🇨🇷",
        "🇨🇺",
        "🇨🇻",
        "🇨🇼",
        "🇨🇽",
        "🇨🇾",
        "🇨🇿",
        "🇩🇪",
        "🇩🇬",
        "🇩🇯",
        "🇩🇰",
        "🇩🇲",
        "🇩🇴",
        "🇩🇿",
        "🇪🇦",
        "🇪🇨",
        "🇪🇪",
        "🇪🇬",
        "🇪🇭",
        "🇪🇷",
        "🇪🇸",
        "🇪🇹",
        "🇪🇺",
        "🇫🇮",
        "🇫🇯",
        "🇫🇰",
        "🇫🇲",
        "🇫🇴",
        "🇫🇷",
        "🇬🇦",
        "🇬🇧",
        "🇬🇩",
        "🇬🇪",
        "🇬🇫",
        "🇬🇬",
        "🇬🇭",
        "🇬🇮",
        "🇬🇱",
        "🇬🇲",
        "🇬🇳",
        "🇬🇵",
        "🇬🇶",
        "🇬🇷",
        "🇬🇸",
        "🇬🇹",
        "🇬🇺",
        "🇬🇼",
        "🇬🇾",
        "🇭🇰",
        "🇭🇲",
        "🇭🇳",
        "🇭🇷",
        "🇭🇹",
        "🇭🇺",
        "🇮🇨",
        "🇮🇩",
        "🇮🇪",
        "🇮🇱",
        "🇮🇲",
        "🇮🇳",
        "🇮🇴",
        "🇮🇶",
        "🇮🇷",
        "🇮🇸",
        "🇮🇹",
        "🇯🇪",
        "🇯🇲",
        "🇯🇴",
        "🇯🇵",
        "🇰🇪",
        "🇰🇬",
        "🇰🇭",
        "🇰🇮",
        "🇰🇲",
        "🇰🇳",
        "🇰🇵",
        "🇰🇷",
        "🇰🇼",
        "🇰🇾",
        "🇰🇿",
        "🇱🇦",
        "🇱🇧",
        "🇱🇨",
        "🇱🇮",
        "🇱🇰",
        "🇱🇷",
        "🇱🇸",
        "🇱🇹",
        "🇱🇺",
        "🇱🇻",
        "🇱🇾",
        "🇲🇦",
        "🇲🇨",
        "🇲🇩",
        "🇲🇪",
        "🇲🇫",
        "🇲🇬",
        "🇲🇭",
        "🇲🇰",
        "🇲🇱",
        "🇲🇲",
        "🇲🇳",
        "🇲🇴",
        "🇲🇵",
        "🇲🇶",
        "🇲🇷",
        "🇲🇸",
        "🇲🇹",
        "🇲🇺",
        "🇲🇻",
        "🇲🇼",
        "🇲🇽",
        "🇲🇾",
        "🇲🇿",
        "🇳🇦",
        "🇳🇨",
        "🇳🇪",
        "🇳🇫",
        "🇳🇬",
        "🇳🇮",
        "🇳🇱",
        "🇳🇴",
        "🇳🇵",
        "🇳🇷",
        "🇳🇺",
        "🇳🇿",
        "🇴🇲",
        "🇵🇦",
        "🇵🇪",
        "🇵🇫",
        "🇵🇬",
        "🇵🇭",
        "🇵🇰",
        "🇵🇱",
        "🇵🇲",
        "🇵🇳",
        "🇵🇷",
        "🇵🇸",
        "🇵🇹",
        "🇵🇼",
        "🇵🇾",
        "🇶🇦",
        "🇷🇪",
        "🇷🇴",
        "🇷🇸",
        "🇷🇺",
        "🇷🇼",
        "🇸🇦",
        "🇸🇧",
        "🇸🇨",
        "🇸🇩",
        "🇸🇪",
        "🇸🇬",
        "🇸🇭",
        "🇸🇮",
        "🇸🇯",
        "🇸🇰",
        "🇸🇱",
        "🇸🇲",
        "🇸🇳",
        "🇸🇴",
        "🇸🇷",
        "🇸🇸",
        "🇸🇹",
        "🇸🇻",
        "🇸🇽",
        "🇸🇾",
        "🇸🇿",
        "🇹🇦",
        "🇹🇨",
        "🇹🇩",
        "🇹🇫",
        "🇹🇬",
        "🇹🇭",
        "🇹🇯",
        "🇹🇰",
        "🇹🇱",
        "🇹🇲",
        "🇹🇳",
        "🇹🇴",
        "🇹🇷",
        "🇹🇹",
        "🇹🇻",
        "🇹🇼",
        "🇹🇿",
        "🇺🇦",
        "🇺🇬",
        "🇺🇲",
        "🇺🇳",
        "🇺🇸",
        "🇺🇾",
        "🇺🇿",
        "🇻🇦",
        "🇻🇨",
        "🇻🇪",
        "🇻🇬",
        "🇻🇮",
        "🇻🇳",
        "🇻🇺",
        "🇼🇫",
        "🇼🇸",
        "🇽🇰",
        "🇾🇪",
        "🇾🇹",
        "🇿🇦",
        "🇿🇲",
        "🇿🇼",
        "🏴󠁧󠁢󠁥󠁮󠁧󠁿",
        "🏴󠁧󠁢󠁳󠁣󠁴󠁿",
        "🏴󠁧󠁢󠁷󠁬󠁳󠁿",
        "🏳️‍🌈"
    ]
}