{
    "ox": [
        "\ud83d\udc02"
    ],
    "om": [
        "\ud83d\udd49"
    ],
    "mu": [
        "\u03bc"
    ],
    "pi": [
        "\u03c0"
    ],
    "tm": [
        "\u2122"
    ],
    "joy": [
        "\ud83d\ude02"
    ],
    "awe": [
        "\ud83e\udd29"
    ],
    "hot": [
        "\ud83e\udd75"
    ],
    "poo": [
        "\ud83d\udca9"
    ],
    "sad": [
        "\ud83d\udc94"
    ],
    "leg": [
        "\ud83e\uddb5"
    ],
    "ear": [
        "\ud83d\udc42"
    ],
    "eye": [
        "\ud83d\udc41"
    ],
    "boy": [
        "\ud83d\udc66"
    ],
    "man": [
        "\ud83d\udc68"
    ],
    "elf": [
        "\ud83e\udddd"
    ],
    "dog": [
        "\ud83d\udc15"
    ],
    "fox": [
        "\ud83e\udd8a"
    ],
    "cat": [
        "\ud83d\udc08"
    ],
    "cow": [
        "\ud83d\udc04"
    ],
    "pig": [
        "\ud83d\udc16"
    ],
    "ram": [
        "\ud83d\udc0f"
    ],
    "ewe": [
        "\ud83d\udc11"
    ],
    "rat": [
        "\ud83d\udc00"
    ],
    "bat": [
        "\ud83e\udd87"
    ],
    "owl": [
        "\ud83e\udd89"
    ],
    "bug": [
        "\ud83d\udc1b"
    ],
    "ant": [
        "\ud83d\udc1c"
    ],
    "egg": [
        "\ud83e\udd5a"
    ],
    "pie": [
        "\ud83e\udd67"
    ],
    "bus": [
        "\ud83d\ude8c"
    ],
    "sun": [
        "\u2600"
    ],
    "fog": [
        "\ud83c\udf2b"
    ],
    "dvd": [
        "\ud83d\udcc0"
    ],
    "pen": [
        "\ud83d\udd8a"
    ],
    "pin": [
        "\ud83d\udccc"
    ],
    "key": [
        "\ud83d\udd11"
    ],
    "axe": [
        "\ud83e\ude93"
    ],
    "dna": [
        "\ud83e\uddec"
    ],
    "bed": [
        "\ud83d\udecf"
    ],
    "Leo": [
        "\u264c"
    ],
    "phi": [
        "\u03a6",
        "\u03c6"
    ],
    "eta": [
        "\u03b7"
    ],
    "psi": [
        "\u03a8",
        "\u03c8"
    ],
    "lmd": [
        "\u03bb"
    ],
    "lie": [
        "\ud83e\udd25"
    ],
    "lol": [
        "\ud83e\udd23"
    ],
    "zany": [
        "\ud83e\udd2a"
    ],
    "sick": [
        "\ud83e\udd22"
    ],
    "cold": [
        "\ud83e\udd76"
    ],
    "nerd": [
        "\ud83e\udd13"
    ],
    "poop": [
        "\ud83d\udca9"
    ],
    "shit": [
        "\ud83d\udca9"
    ],
    "ogre": [
        "\ud83d\udc79"
    ],
    "love": [
        "\u2764"
    ],
    "hole": [
        "\ud83d\udd73"
    ],
    "ZZZ\n": [
        "\ud83d\udca4"
    ],
    "foot": [
        "\ud83e\uddb6"
    ],
    "nose": [
        "\ud83d\udc43"
    ],
    "bone": [
        "\ud83e\uddb4"
    ],
    "eyes": [
        "\ud83d\udc40"
    ],
    "baby": [
        "\ud83d\udc76"
    ],
    "girl": [
        "\ud83d\udc67"
    ],
    "mage": [
        "\ud83e\uddd9"
    ],
    "kiss": [
        "\ud83d\udc8f"
    ],
    "wolf": [
        "\ud83d\udc3a"
    ],
    "lion": [
        "\ud83e\udd81"
    ],
    "deer": [
        "\ud83e\udd8c"
    ],
    "boar": [
        "\ud83d\udc17"
    ],
    "goat": [
        "\ud83d\udc10"
    ],
    "bear": [
        "\ud83d\udc3b"
    ],
    "bird": [
        "\ud83d\udc26"
    ],
    "dove": [
        "\ud83d\udd4a"
    ],
    "duck": [
        "\ud83e\udd86"
    ],
    "swan": [
        "\ud83e\udda2"
    ],
    "frog": [
        "\ud83d\udc38"
    ],
    "fish": [
        "\ud83d\udc1f"
    ],
    "rose": [
        "\ud83c\udf39"
    ],
    "herb": [
        "\ud83c\udf3f"
    ],
    "pear": [
        "\ud83c\udf50"
    ],
    "corn": [
        "\ud83c\udf3d"
    ],
    "salt": [
        "\ud83e\uddc2"
    ],
    "rice": [
        "\ud83c\udf5a"
    ],
    "oden": [
        "\ud83c\udf62"
    ],
    "crab": [
        "\ud83e\udd80"
    ],
    "sake": [
        "\ud83c\udf76"
    ],
    "mate": [
        "\ud83e\uddc9"
    ],
    "ice\n": [
        "\ud83e\uddca"
    ],
    "bank": [
        "\ud83c\udfe6"
    ],
    "tent": [
        "\u26fa"
    ],
    "tram": [
        "\ud83d\ude8a"
    ],
    "taxi": [
        "\ud83d\ude95"
    ],
    "ship": [
        "\ud83d\udea2"
    ],
    "seat": [
        "\ud83d\udcba"
    ],
    "moon": [
        "\ud83c\udf19"
    ],
    "star": [
        "\u2b50"
    ],
    "wind": [
        "\ud83c\udf2c"
    ],
    "fire": [
        "\ud83d\udd25"
    ],
    "skis": [
        "\ud83c\udfbf"
    ],
    "sled": [
        "\ud83d\udef7"
    ],
    "kite": [
        "\ud83e\ude81"
    ],
    "yarn": [
        "\ud83e\uddf6"
    ],
    "coat": [
        "\ud83e\udde5"
    ],
    "sari": [
        "\ud83e\udd7b"
    ],
    "ring": [
        "\ud83d\udc8d"
    ],
    "bell": [
        "\ud83d\udd14"
    ],
    "pick": [
        "\u26cf"
    ],
    "bomb": [
        "\ud83d\udca3"
    ],
    "gear": [
        "\u2699"
    ],
    "link": [
        "\ud83d\udd17"
    ],
    "pill": [
        "\ud83d\udc8a"
    ],
    "door": [
        "\ud83d\udeaa"
    ],
    "soap": [
        "\ud83e\uddfc"
    ],
    "plus": [
        "\u2795"
    ],
    "Cuba": [
        "\ud83c\udde8\ud83c\uddfa"
    ],
    "Fiji": [
        "\ud83c\uddeb\ud83c\uddef"
    ],
    "Guam": [
        "\ud83c\uddec\ud83c\uddfa"
    ],
    "Iraq": [
        "\ud83c\uddee\ud83c\uddf6"
    ],
    "Iran": [
        "\ud83c\uddee\ud83c\uddf7"
    ],
    "Laos": [
        "\ud83c\uddf1\ud83c\udde6"
    ],
    "Mali": [
        "\ud83c\uddf2\ud83c\uddf1"
    ],
    "Niue": [
        "\ud83c\uddf3\ud83c\uddfa"
    ],
    "Oman": [
        "\ud83c\uddf4\ud83c\uddf2"
    ],
    "Peru": [
        "\ud83c\uddf5\ud83c\uddea"
    ],
    "Chad": [
        "\ud83c\uddf9\ud83c\udde9"
    ],
    "Togo": [
        "\ud83c\uddf9\ud83c\uddec"
    ],
    "beta": [
        "\u03b2"
    ],
    "lier": [
        "\ud83e\udd25"
    ],
    "fuel": [
        "\u26fd"
    ],
    "male": [
        "\u26a3"
    ],
    "king": [
        "\u265a"
    ],
    "happy": [
        "\ud83d\ude04"
    ],
    "sweat": [
        "\ud83d\ude05"
    ],
    "funny": [
        "\ud83e\udd23"
    ],
    "crazy": [
        "\ud83e\udd2a"
    ],
    "silly": [
        "\ud83e\udd2a"
    ],
    "greed": [
        "\ud83e\udd11"
    ],
    "quiet": [
        "\ud83e\udd2b"
    ],
    "lying": [
        "\ud83e\udd25"
    ],
    "woozy": [
        "\ud83e\udd74"
    ],
    "smart": [
        "\ud83e\udd13"
    ],
    "weary": [
        "\ud83d\ude29"
    ],
    "tired": [
        "\ud83d\ude2b"
    ],
    "angry": [
        "\ud83d\ude20"
    ],
    "skull": [
        "\ud83d\udc80"
    ],
    "clown": [
        "\ud83e\udd21"
    ],
    "ghost": [
        "\ud83d\udc7b"
    ],
    "alien": [
        "\ud83d\udc7d"
    ],
    "robot": [
        "\ud83e\udd16"
    ],
    "dizzy": [
        "\ud83d\udcab"
    ],
    " hand": [
        "\ud83e\udd1a"
    ],
    "brain": [
        "\ud83e\udde0"
    ],
    "tooth": [
        "\ud83e\uddb7"
    ],
    "mouth": [
        "\ud83d\udc44"
    ],
    "child": [
        "\ud83e\uddd2"
    ],
    "woman": [
        "\ud83d\udc69"
    ],
    "guard": [
        "\ud83d\udc82"
    ],
    "fairy": [
        "\ud83e\uddda"
    ],
    "genie": [
        "\ud83e\uddde"
    ],
    "skier": [
        "\u26f7"
    ],
    "bald\n": [
        "\ud83e\uddb2"
    ],
    "tiger": [
        "\ud83d\udc05"
    ],
    "horse": [
        "\ud83d\udc0e"
    ],
    "zebra": [
        "\ud83e\udd93"
    ],
    "camel": [
        "\ud83d\udc2a"
    ],
    "llama": [
        "\ud83e\udd99"
    ],
    "mouse": [
        "\ud83d\udc01"
    ],
    "koala": [
        "\ud83d\udc28"
    ],
    "panda": [
        "\ud83d\udc3c"
    ],
    "sloth": [
        "\ud83e\udda5"
    ],
    "otter": [
        "\ud83e\udda6"
    ],
    "skunk": [
        "\ud83e\udda8"
    ],
    "eagle": [
        "\ud83e\udd85"
    ],
    "snake": [
        "\ud83d\udc0d"
    ],
    "T-Rex": [
        "\ud83e\udd96"
    ],
    "whale": [
        "\ud83d\udc0b"
    ],
    "shark": [
        "\ud83e\udd88"
    ],
    "snail": [
        "\ud83d\udc0c"
    ],
    "tulip": [
        "\ud83c\udf37"
    ],
    "melon": [
        "\ud83c\udf48"
    ],
    "lemon": [
        "\ud83c\udf4b"
    ],
    "mango": [
        "\ud83e\udd6d"
    ],
    "peach": [
        "\ud83c\udf51"
    ],
    "onion": [
        "\ud83e\uddc5"
    ],
    "bread": [
        "\ud83c\udf5e"
    ],
    "bagel": [
        "\ud83e\udd6f"
    ],
    "bacon": [
        "\ud83e\udd53"
    ],
    "pizza": [
        "\ud83c\udf55"
    ],
    "sushi": [
        "\ud83c\udf63"
    ],
    "dango": [
        "\ud83c\udf61"
    ],
    "squid": [
        "\ud83e\udd91"
    ],
    "candy": [
        "\ud83c\udf6c"
    ],
    "spoon": [
        "\ud83e\udd44"
    ],
    "brick": [
        "\ud83e\uddf1"
    ],
    "house": [
        "\ud83c\udfe0"
    ],
    "hotel": [
        "\ud83c\udfe8"
    ],
    "kaaba": [
        "\ud83d\udd4b"
    ],
    "foggy": [
        "\ud83c\udf01"
    ],
    "train": [
        "\ud83d\ude86"
    ],
    "metro": [
        "\ud83d\ude87"
    ],
    "canoe": [
        "\ud83d\udef6"
    ],
    "ferry": [
        "\u26f4"
    ],
    "watch": [
        "\u231a"
    ],
    "cloud": [
        "\u2601"
    ],
    "comet": [
        "\u2604"
    ],
    "party": [
        "\ud83c\udf89"
    ],
    "medal": [
        "\ud83c\udfc5"
    ],
    "yo-yo": [
        "\ud83e\ude80"
    ],
    "joker": [
        "\ud83c\udccf"
    ],
    "jeans": [
        "\ud83d\udc56"
    ],
    "scarf": [
        "\ud83e\udde3"
    ],
    "socks": [
        "\ud83e\udde6"
    ],
    "dress": [
        "\ud83d\udc57"
    ],
    "purse": [
        "\ud83d\udc5b"
    ],
    "crown": [
        "\ud83d\udc51"
    ],
    "music": [
        "\ud83c\udfb5"
    ],
    "radio": [
        "\ud83d\udcfb"
    ],
    "banjo": [
        "\ud83e\ude95"
    ],
    "drum\n": [
        "\ud83e\udd41"
    ],
    "pager": [
        "\ud83d\udcdf"
    ],
    "books": [
        "\ud83d\udcda"
    ],
    "memo\n": [
        "\ud83d\udcdd"
    ],
    "clamp": [
        "\ud83d\udddc"
    ],
    "chair": [
        "\ud83e\ude91"
    ],
    "razor": [
        "\ud83e\ude92"
    ],
    "broom": [
        "\ud83e\uddf9"
    ],
    "moai\n": [
        "\ud83d\uddff"
    ],
    "Virgo": [
        "\u264d"
    ],
    "Libra": [
        "\u264e"
    ],
    "minus": [
        "\u2796"
    ],
    "check": [
        "\u2714"
    ],
    "cross": [
        "\u274c"
    ],
    "Aruba": [
        "\ud83c\udde6\ud83c\uddfc"
    ],
    "Benin": [
        "\ud83c\udde7\ud83c\uddef"
    ],
    "Chile": [
        "\ud83c\udde8\ud83c\uddf1"
    ],
    "China": [
        "\ud83c\udde8\ud83c\uddf3"
    ],
    "Egypt": [
        "\ud83c\uddea\ud83c\uddec"
    ],
    "Spain": [
        "\ud83c\uddea\ud83c\uddf8"
    ],
    "Gabon": [
        "\ud83c\uddec\ud83c\udde6"
    ],
    "Ghana": [
        "\ud83c\uddec\ud83c\udded"
    ],
    "Haiti": [
        "\ud83c\udded\ud83c\uddf9"
    ],
    "India": [
        "\ud83c\uddee\ud83c\uddf3"
    ],
    "Italy": [
        "\ud83c\uddee\ud83c\uddf9"
    ],
    "Japan": [
        "\ud83c\uddef\ud83c\uddf5"
    ],
    "Kenya": [
        "\ud83c\uddf0\ud83c\uddea"
    ],
    "Libya": [
        "\ud83c\uddf1\ud83c\uddfe"
    ],
    "Malta": [
        "\ud83c\uddf2\ud83c\uddf9"
    ],
    "Niger": [
        "\ud83c\uddf3\ud83c\uddea"
    ],
    "Nepal": [
        "\ud83c\uddf3\ud83c\uddf5"
    ],
    "Nauru": [
        "\ud83c\uddf3\ud83c\uddf7"
    ],
    "Palau": [
        "\ud83c\uddf5\ud83c\uddfc"
    ],
    "Qatar": [
        "\ud83c\uddf6\ud83c\udde6"
    ],
    "Sudan": [
        "\ud83c\uddf8\ud83c\udde9"
    ],
    "Syria": [
        "\ud83c\uddf8\ud83c\uddfe"
    ],
    "Tonga": [
        "\ud83c\uddf9\ud83c\uddf4"
    ],
    "Samoa": [
        "\ud83c\uddfc\ud83c\uddf8"
    ],
    "Yemen": [
        "\ud83c\uddfe\ud83c\uddea"
    ],
    "Wales": [
        "\ud83c\udff4\udb40\udc67\udb40\udc62\udb40\udc77\udb40\udc6c\udb40\udc73\udb40\udc7f"
    ],
    "smile": [
        "\ud83d\ude04"
    ],
    "omega": [
        "\u03a9",
        "\u03c9"
    ],
    "theta": [
        "\u0398",
        "\u03b8"
    ],
    "alpha": [
        "\u03b1"
    ],
    "sigma": [
        "\u03c3"
    ],
    "biman": [
        "\u2708"
    ],
    "queen": [
        "\u265b"
    ],
    "\u0993\u09ae\u09c7\u0997\u09be": [
        "\u03c9",
        "\u03a9"
    ],
    "allah": [
        "\ufdf2"
    ],
    "wealth": [
        "\ud83e\udd11"
    ],
    "caring": [
        "\ud83e\udd17"
    ],
    "secret": [
        "\ud83e\udd2b"
    ],
    "shutup": [
        "\ud83e\udd10"
    ],
    "sleepy": [
        "\ud83d\ude2a"
    ],
    "cowboy": [
        "\ud83e\udd20"
    ],
    "hushed": [
        "\ud83d\ude2f"
    ],
    "crying": [
        "\ud83d\ude22"
    ],
    "goblin": [
        "\ud83d\udc7a"
    ],
    "praise": [
        "\ud83d\ude4c"
    ],
    "selfie": [
        "\ud83e\udd33"
    ],
    "tongue": [
        "\ud83d\udc45"
    ],
    "person": [
        "\ud83e\uddd1"
    ],
    "prince": [
        "\ud83e\udd34"
    ],
    "zombie": [
        "\ud83e\udddf"
    ],
    "family": [
        "\ud83d\udc6a"
    ],
    "monkey": [
        "\ud83d\udc12"
    ],
    "poodle": [
        "\ud83d\udc29"
    ],
    "rabbit": [
        "\ud83d\udc07"
    ],
    "badger": [
        "\ud83e\udda1"
    ],
    "turkey": [
        "\ud83e\udd83"
    ],
    "parrot": [
        "\ud83e\udd9c"
    ],
    "turtle": [
        "\ud83d\udc22"
    ],
    "lizard": [
        "\ud83e\udd8e"
    ],
    "dragon": [
        "\ud83d\udc09"
    ],
    "spider": [
        "\ud83d\udd77"
    ],
    "cactus": [
        "\ud83c\udf35"
    ],
    "banana": [
        "\ud83c\udf4c"
    ],
    "tomato": [
        "\ud83c\udf45"
    ],
    "potato": [
        "\ud83e\udd54"
    ],
    "carrot": [
        "\ud83e\udd55"
    ],
    "pepper": [
        "\ud83c\udf36"
    ],
    "garlic": [
        "\ud83e\uddc4"
    ],
    "waffle": [
        "\ud83e\uddc7"
    ],
    "butter": [
        "\ud83e\uddc8"
    ],
    "shrimp": [
        "\ud83e\udd90"
    ],
    "oyster": [
        "\ud83e\uddaa"
    ],
    "cookie": [
        "\ud83c\udf6a"
    ],
    "desert": [
        "\ud83c\udfdc"
    ],
    "houses": [
        "\ud83c\udfd8"
    ],
    "school": [
        "\ud83c\udfeb"
    ],
    "castle": [
        "\u26eb",
        "\ud83c\udff0"
    ],
    "church": [
        "\u26ea"
    ],
    "mosque": [
        "\ud83d\udd4c"
    ],
    "temple": [
        "\ud83d\uded5"
    ],
    "sunset": [
        "\ud83c\udf07"
    ],
    "anchor": [
        "\u2693"
    ],
    "rocket": [
        "\ud83d\ude80"
    ],
    "ribbon": [
        "\ud83c\udf80"
    ],
    "trophy": [
        "\ud83c\udfc6"
    ],
    "tennis": [
        "\ud83c\udfbe"
    ],
    "hockey": [
        "\ud83c\udfd2"
    ],
    "thread": [
        "\ud83e\uddf5"
    ],
    "gloves": [
        "\ud83e\udde4"
    ],
    "kimono": [
        "\ud83d\udc58"
    ],
    "briefs": [
        "\ud83e\ude72"
    ],
    "shorts": [
        "\ud83e\ude73"
    ],
    "bikini": [
        "\ud83d\udc59"
    ],
    "guitar": [
        "\ud83c\udfb8"
    ],
    "violin": [
        "\ud83c\udfbb"
    ],
    "laptop": [
        "\ud83d\udcbb"
    ],
    "camera": [
        "\ud83d\udcf7"
    ],
    "candle": [
        "\ud83d\udd6f"
    ],
    "ledger": [
        "\ud83d\udcd2"
    ],
    "scroll": [
        "\ud83d\udcdc"
    ],
    "label\n": [
        "\ud83c\udff7"
    ],
    "e-mail": [
        "\ud83d\udce7"
    ],
    "crayon": [
        "\ud83d\udd8d"
    ],
    "folder": [
        "\ud83d\udcc1"
    ],
    "locked": [
        "\ud83d\udd12"
    ],
    "hammer": [
        "\ud83d\udd28"
    ],
    "dagger": [
        "\ud83d\udde1"
    ],
    "shield": [
        "\ud83d\udee1"
    ],
    "wrench": [
        "\ud83d\udd27"
    ],
    "chains": [
        "\u26d3"
    ],
    "magnet": [
        "\ud83e\uddf2"
    ],
    "toilet": [
        "\ud83d\udebd"
    ],
    "shower": [
        "\ud83d\udebf"
    ],
    "basket": [
        "\ud83e\uddfa"
    ],
    "sponge": [
        "\ud83e\uddfd"
    ],
    "coffin": [
        "\u26b0"
    ],
    "Taurus": [
        "\u2649"
    ],
    "Gemini": [
        "\u264a"
    ],
    "Cancer": [
        "\u264b"
    ],
    "Pisces": [
        "\u2653"
    ],
    "cinema": [
        "\ud83c\udfa6"
    ],
    "divide": [
        "\u2797"
    ],
    "Angola": [
        "\ud83c\udde6\ud83c\uddf4"
    ],
    "Brunei": [
        "\ud83c\udde7\ud83c\uddf3"
    ],
    "Brazil": [
        "\ud83c\udde7\ud83c\uddf7"
    ],
    "Bhutan": [
        "\ud83c\udde7\ud83c\uddf9"
    ],
    "Belize": [
        "\ud83c\udde7\ud83c\uddff"
    ],
    "Canada": [
        "\ud83c\udde8\ud83c\udde6"
    ],
    "Cyprus": [
        "\ud83c\udde8\ud83c\uddfe"
    ],
    "France": [
        "\ud83c\uddeb\ud83c\uddf7"
    ],
    "Gambia": [
        "\ud83c\uddec\ud83c\uddf2"
    ],
    "Guinea": [
        "\ud83c\uddec\ud83c\uddf3"
    ],
    "Greece": [
        "\ud83c\uddec\ud83c\uddf7"
    ],
    "Guyana": [
        "\ud83c\uddec\ud83c\uddfe"
    ],
    "Jersey": [
        "\ud83c\uddef\ud83c\uddea"
    ],
    "Jordan": [
        "\ud83c\uddef\ud83c\uddf4"
    ],
    "Kuwait": [
        "\ud83c\uddf0\ud83c\uddfc"
    ],
    "Latvia": [
        "\ud83c\uddf1\ud83c\uddfb"
    ],
    "Monaco": [
        "\ud83c\uddf2\ud83c\udde8"
    ],
    "Malawi": [
        "\ud83c\uddf2\ud83c\uddfc"
    ],
    "Mexico": [
        "\ud83c\uddf2\ud83c\uddfd"
    ],
    "Norway": [
        "\ud83c\uddf3\ud83c\uddf4"
    ],
    "Panama": [
        "\ud83c\uddf5\ud83c\udde6"
    ],
    "Poland": [
        "\ud83c\uddf5\ud83c\uddf1"
    ],
    "Serbia": [
        "\ud83c\uddf7\ud83c\uddf8"
    ],
    "Russia": [
        "\ud83c\uddf7\ud83c\uddfa"
    ],
    "Rwanda": [
        "\ud83c\uddf7\ud83c\uddfc"
    ],
    "Sweden": [
        "\ud83c\uddf8\ud83c\uddea"
    ],
    "Turkey": [
        "\ud83c\uddf9\ud83c\uddf7"
    ],
    "Tuvalu": [
        "\ud83c\uddf9\ud83c\uddfb"
    ],
    "Taiwan": [
        "\ud83c\uddf9\ud83c\uddfc"
    ],
    "Uganda": [
        "\ud83c\uddfa\ud83c\uddec"
    ],
    "Kosovo": [
        "\ud83c\uddfd\ud83c\uddf0"
    ],
    "Zambia": [
        "\ud83c\uddff\ud83c\uddf2"
    ],
    "lambda": [
        "\u03bb"
    ],
    "israel": [
        "\ud83d\udca9"
    ],
    "bishop": [
        "\u265d"
    ],
    "knight": [
        "\u265e"
    ],
    "female": [
        "\u26a2"
    ],
    "swords": [
        "\u2694"
    ],
    "smiling": [
        "\u263a",
        "\ud83d\ude42",
        "\ud83d\ude0d"
    ],
    "beaming": [
        "\ud83d\ude01"
    ],
    "winking": [
        "\ud83d\ude09"
    ],
    "kissing": [
        "\ud83d\ude17"
    ],
    "neutral": [
        "\ud83d\ude10"
    ],
    "pensive": [
        "\ud83d\ude14"
    ],
    "amazing": [
        "\ud83e\udd2f"
    ],
    "worried": [
        "\ud83d\ude1f"
    ],
    "flushed": [
        "\ud83d\ude33"
    ],
    "begging": [
        "\ud83e\udd7a"
    ],
    "fearful": [
        "\ud83d\ude28"
    ],
    "yawning": [
        "\ud83e\udd71"
    ],
    "enraged": [
        "\ud83d\ude21"
    ],
    "romance": [
        "\u2764"
    ],
    "OK hand": [
        "\ud83d\udc4c"
    ],
    "hopeful": [
        "\ud83e\udd1e"
    ],
    "wishing": [
        "\ud83e\udd1e"
    ],
    "old man": [
        "\ud83d\udc74"
    ],
    "vampire": [
        "\ud83e\udddb"
    ],
    "gorilla": [
        "\ud83e\udd8d"
    ],
    "raccoon": [
        "\ud83e\udd9d"
    ],
    "leopard": [
        "\ud83d\udc06"
    ],
    "unicorn": [
        "\ud83e\udd84"
    ],
    "giraffe": [
        "\ud83e\udd92"
    ],
    "hamster": [
        "\ud83d\udc39"
    ],
    "chicken": [
        "\ud83d\udc14"
    ],
    "rooster": [
        "\ud83d\udc13"
    ],
    "penguin": [
        "\ud83d\udc27"
    ],
    "peacock": [
        "\ud83e\udd9a"
    ],
    "dolphin": [
        "\ud83d\udc2c"
    ],
    "octopus": [
        "\ud83d\udc19"
    ],
    "cricket": [
        "\ud83c\udfcf"
    ],
    "rosette": [
        "\ud83c\udff5"
    ],
    "blossom": [
        "\ud83c\udf3c"
    ],
    "coconut": [
        "\ud83e\udd65"
    ],
    "avocado": [
        "\ud83e\udd51"
    ],
    "peanuts": [
        "\ud83e\udd5c"
    ],
    "pretzel": [
        "\ud83e\udd68"
    ],
    "hot dog": [
        "\ud83c\udf2d"
    ],
    "falafel": [
        "\ud83e\uddc6"
    ],
    "cooking": [
        "\ud83c\udf73"
    ],
    "popcorn": [
        "\ud83c\udf7f"
    ],
    "lobster": [
        "\ud83e\udd9e"
    ],
    "cupcake": [
        "\ud83e\uddc1"
    ],
    "custard": [
        "\ud83c\udf6e"
    ],
    "compass": [
        "\ud83e\udded"
    ],
    "volcano": [
        "\ud83c\udf0b"
    ],
    "camping": [
        "\ud83c\udfd5"
    ],
    "stadium": [
        "\ud83c\udfdf"
    ],
    "factory": [
        "\ud83c\udfed"
    ],
    "wedding": [
        "\ud83d\udc92"
    ],
    "sunrise": [
        "\ud83c\udf05"
    ],
    "station": [
        "\ud83d\ude89"
    ],
    "minibus": [
        "\ud83d\ude90"
    ],
    "tractor": [
        "\ud83d\ude9c"
    ],
    "bicycle": [
        "\ud83d\udeb2"
    ],
    "tornado": [
        "\ud83c\udf2a"
    ],
    "cyclone": [
        "\ud83c\udf00"
    ],
    "rainbow": [
        "\ud83c\udf08"
    ],
    "snowman": [
        "\u26c4",
        "\u2603"
    ],
    "droplet": [
        "\ud83d\udca7"
    ],
    "balloon": [
        "\ud83c\udf88"
    ],
    "ticket\n": [
        "\ud83c\udfab"
    ],
    "bowling": [
        "\ud83c\udfb3"
    ],
    "glasses": [
        "\ud83d\udc53"
    ],
    "goggles": [
        "\ud83e\udd7d"
    ],
    "necktie": [
        "\ud83d\udc54"
    ],
    "t-shirt": [
        "\ud83d\udc55"
    ],
    "handbag": [
        "\ud83d\udc5c"
    ],
    "top hat": [
        "\ud83c\udfa9"
    ],
    "trumpet": [
        "\ud83c\udfba"
    ],
    "battery": [
        "\ud83d\udd0b"
    ],
    "printer": [
        "\ud83d\udda8"
    ],
    "abacus\n": [
        "\ud83e\uddee"
    ],
    "receipt": [
        "\ud83e\uddfe"
    ],
    "package": [
        "\ud83d\udce6"
    ],
    "postbox": [
        "\ud83d\udcee"
    ],
    "pushpin": [
        "\ud83d\udccc"
    ],
    "old key": [
        "\ud83d\udddd"
    ],
    "toolbox": [
        "\ud83e\uddf0"
    ],
    "alembic": [
        "\u2697"
    ],
    "syringe": [
        "\ud83d\udc89"
    ],
    "bathtub": [
        "\ud83d\udec1"
    ],
    "customs": [
        "\ud83d\udec3"
    ],
    "menorah": [
        "\ud83d\udd4e"
    ],
    "Scorpio": [
        "\u264f"
    ],
    "sparkle": [
        "\u2747"
    ],
    "Andorra": [
        "\ud83c\udde6\ud83c\udde9"
    ],
    "Albania": [
        "\ud83c\udde6\ud83c\uddf1"
    ],
    "Armenia": [
        "\ud83c\udde6\ud83c\uddf2"
    ],
    "Austria": [
        "\ud83c\udde6\ud83c\uddf9"
    ],
    "Belgium": [
        "\ud83c\udde7\ud83c\uddea"
    ],
    "Bahrain": [
        "\ud83c\udde7\ud83c\udded"
    ],
    "Burundi": [
        "\ud83c\udde7\ud83c\uddee"
    ],
    "Bermuda": [
        "\ud83c\udde7\ud83c\uddf2"
    ],
    "Bolivia": [
        "\ud83c\udde7\ud83c\uddf4"
    ],
    "Bahamas": [
        "\ud83c\udde7\ud83c\uddf8"
    ],
    "Belarus": [
        "\ud83c\udde7\ud83c\uddfe"
    ],
    "Cura\u00e7ao": [
        "\ud83c\udde8\ud83c\uddfc"
    ],
    "Czechia": [
        "\ud83c\udde8\ud83c\uddff"
    ],
    "Germany": [
        "\ud83c\udde9\ud83c\uddea"
    ],
    "Denmark": [
        "\ud83c\udde9\ud83c\uddf0"
    ],
    "Algeria": [
        "\ud83c\udde9\ud83c\uddff"
    ],
    "Ecuador": [
        "\ud83c\uddea\ud83c\udde8"
    ],
    "Estonia": [
        "\ud83c\uddea\ud83c\uddea"
    ],
    "Eritrea": [
        "\ud83c\uddea\ud83c\uddf7"
    ],
    "Finland": [
        "\ud83c\uddeb\ud83c\uddee"
    ],
    "Grenada": [
        "\ud83c\uddec\ud83c\udde9"
    ],
    "Georgia": [
        "\ud83c\uddec\ud83c\uddea"
    ],
    "Croatia": [
        "\ud83c\udded\ud83c\uddf7"
    ],
    "Hungary": [
        "\ud83c\udded\ud83c\uddfa"
    ],
    "Ireland": [
        "\ud83c\uddee\ud83c\uddea"
    ],
    "Iceland": [
        "\ud83c\uddee\ud83c\uddf8"
    ],
    "Jamaica": [
        "\ud83c\uddef\ud83c\uddf2"
    ],
    "Comoros": [
        "\ud83c\uddf0\ud83c\uddf2"
    ],
    "Lebanon": [
        "\ud83c\uddf1\ud83c\udde7"
    ],
    "Liberia": [
        "\ud83c\uddf1\ud83c\uddf7"
    ],
    "Lesotho": [
        "\ud83c\uddf1\ud83c\uddf8"
    ],
    "Morocco": [
        "\ud83c\uddf2\ud83c\udde6"
    ],
    "Moldova": [
        "\ud83c\uddf2\ud83c\udde9"
    ],
    "Namibia": [
        "\ud83c\uddf3\ud83c\udde6"
    ],
    "Nigeria": [
        "\ud83c\uddf3\ud83c\uddec"
    ],
    "R\u00e9union": [
        "\ud83c\uddf7\ud83c\uddea"
    ],
    "Romania": [
        "\ud83c\uddf7\ud83c\uddf4"
    ],
    "Senegal": [
        "\ud83c\uddf8\ud83c\uddf3"
    ],
    "Somalia": [
        "\ud83c\uddf8\ud83c\uddf4"
    ],
    "Tokelau": [
        "\ud83c\uddf9\ud83c\uddf0"
    ],
    "Tunisia": [
        "\ud83c\uddf9\ud83c\uddf3"
    ],
    "Ukraine": [
        "\ud83c\uddfa\ud83c\udde6"
    ],
    "Uruguay": [
        "\ud83c\uddfa\ud83c\uddfe"
    ],
    "Vietnam": [
        "\ud83c\uddfb\ud83c\uddf3"
    ],
    "Vanuatu": [
        "\ud83c\uddfb\ud83c\uddfa"
    ],
    "Mayotte": [
        "\ud83c\uddfe\ud83c\uddf9"
    ],
    "England": [
        "\ud83c\udff4\udb40\udc67\udb40\udc62\udb40\udc65\udb40\udc6e\udb40\udc67\udb40\udc7f"
    ],
    "mailbox": [
        "\ud83d\udcec",
        "\ud83d\udced"
    ],
    "epsilon": [
        "\u03b5"
    ],
    "recycle": [
        "\u267b"
    ],
    "magnify": [
        "\ud83d\udd0d"
    ],
    "grinning": [
        "\ud83d\ude03",
        "\ud83d\ude06"
    ],
    "laughing": [
        "\ud83e\udd23"
    ],
    "shushing": [
        "\ud83e\udd2b"
    ],
    "thinking": [
        "\ud83e\udd14"
    ],
    "smirking": [
        "\ud83d\ude0f"
    ],
    "unamused": [
        "\ud83d\ude12"
    ],
    "relieved": [
        "\ud83d\ude0c"
    ],
    "drooling": [
        "\ud83e\udd24"
    ],
    "sleeping": [
        "\ud83d\ude34"
    ],
    "vomiting": [
        "\ud83e\udd2e"
    ],
    "sneezing": [
        "\ud83e\udd27"
    ],
    "partying": [
        "\ud83e\udd73"
    ],
    "confused": [
        "\ud83d\ude15"
    ],
    "frowning": [
        "\u2639"
    ],
    "pleading": [
        "\ud83e\udd7a"
    ],
    "princess": [
        "\ud83d\udc78"
    ],
    "red hair": [
        "\ud83e\uddb0"
    ],
    "pig nose": [
        "\ud83d\udc3d"
    ],
    "elephant": [
        "\ud83d\udc18"
    ],
    "chipmunk": [
        "\ud83d\udc3f"
    ],
    "hedgehog": [
        "\ud83e\udd94"
    ],
    "kangaroo": [
        "\ud83e\udd98"
    ],
    "flamingo": [
        "\ud83e\udda9"
    ],
    "sauropod": [
        "\ud83e\udd95"
    ],
    "blowfish": [
        "\ud83d\udc21"
    ],
    "honeybee": [
        "\ud83d\udc1d"
    ],
    "scorpion": [
        "\ud83e\udd82"
    ],
    "mosquito": [
        "\ud83e\udd9f"
    ],
    "microbe\n": [
        "\ud83e\udda0"
    ],
    "hibiscus": [
        "\ud83c\udf3a"
    ],
    "seedling": [
        "\ud83c\udf31"
    ],
    "shamrock": [
        "\u2618"
    ],
    "cherries": [
        "\ud83c\udf52"
    ],
    "eggplant": [
        "\ud83c\udf46"
    ],
    "cucumber": [
        "\ud83e\udd52"
    ],
    "broccoli": [
        "\ud83e\udd66"
    ],
    "chestnut": [
        "\ud83c\udf30"
    ],
    "pancakes": [
        "\ud83e\udd5e"
    ],
    "dumpling": [
        "\ud83e\udd5f"
    ],
    "doughnut": [
        "\ud83c\udf69"
    ],
    "lollipop": [
        "\ud83c\udf6d"
    ],
    "beer mug": [
        "\ud83c\udf7a"
    ],
    "amphora\n": [
        "\ud83c\udffa"
    ],
    "mountain": [
        "\u26f0"
    ],
    "hospital": [
        "\ud83c\udfe5"
    ],
    "fountain": [
        "\u26f2"
    ],
    "monorail": [
        "\ud83d\ude9d"
    ],
    "tram car": [
        "\ud83d\ude8b"
    ],
    "bus stop": [
        "\ud83d\ude8f"
    ],
    "motorway": [
        "\ud83d\udee3"
    ],
    "oil drum": [
        "\ud83d\udee2"
    ],
    "sailboat": [
        "\u26f5"
    ],
    "airplane": [
        "\u2708"
    ],
    "luggage\n": [
        "\ud83e\uddf3"
    ],
    "new moon": [
        "\ud83c\udf1a"
    ],
    "sun with": [
        "\ud83c\udf1e"
    ],
    "umbrella": [
        "\u2602"
    ],
    "sparkler": [
        "\ud83c\udf87"
    ],
    "sparkles": [
        "\u2728"
    ],
    "baseball": [
        "\u26be"
    ],
    "softball": [
        "\ud83e\udd4e"
    ],
    "lacrosse": [
        "\ud83e\udd4d"
    ],
    "goal net": [
        "\ud83e\udd45"
    ],
    "bullseye": [
        "\ud83c\udfaf"
    ],
    "joystick": [
        "\ud83d\udd79"
    ],
    "game die": [
        "\ud83c\udfb2"
    ],
    "lab coat": [
        "\ud83e\udd7c"
    ],
    "backpack": [
        "\ud83c\udf92"
    ],
    "lipstick": [
        "\ud83d\udc84"
    ],
    "keyboard": [
        "\u2328"
    ],
    "notebook": [
        "\ud83d\udcd3"
    ],
    "bookmark": [
        "\ud83d\udd16"
    ],
    "calendar": [
        "\ud83d\udcc5"
    ],
    "scissors": [
        "\u2702"
    ],
    "unlocked": [
        "\ud83d\udd13"
    ],
    "restroom": [
        "\ud83d\udebb"
    ],
    "no entry": [
        "\u26d4"
    ],
    "yin yang": [
        "\u262f"
    ],
    "Aquarius": [
        "\u2652"
    ],
    "infinity": [
        "\u267e"
    ],
    "P button": [
        "\ud83c\udd7f"
    ],
    "Anguilla": [
        "\ud83c\udde6\ud83c\uddee"
    ],
    "Barbados": [
        "\ud83c\udde7\ud83c\udde7"
    ],
    "Bulgaria": [
        "\ud83c\udde7\ud83c\uddec"
    ],
    "Botswana": [
        "\ud83c\udde7\ud83c\uddfc"
    ],
    "Cameroon": [
        "\ud83c\udde8\ud83c\uddf2"
    ],
    "Colombia": [
        "\ud83c\udde8\ud83c\uddf4"
    ],
    "Djibouti": [
        "\ud83c\udde9\ud83c\uddef"
    ],
    "Dominica": [
        "\ud83c\udde9\ud83c\uddf2"
    ],
    "Ethiopia": [
        "\ud83c\uddea\ud83c\uddf9"
    ],
    "Guernsey": [
        "\ud83c\uddec\ud83c\uddec"
    ],
    "Honduras": [
        "\ud83c\udded\ud83c\uddf3"
    ],
    "Cambodia": [
        "\ud83c\uddf0\ud83c\udded"
    ],
    "Kiribati": [
        "\ud83c\uddf0\ud83c\uddee"
    ],
    "Mongolia": [
        "\ud83c\uddf2\ud83c\uddf3"
    ],
    "Maldives": [
        "\ud83c\uddf2\ud83c\uddfb"
    ],
    "Malaysia": [
        "\ud83c\uddf2\ud83c\uddfe"
    ],
    "Pakistan": [
        "\ud83c\uddf5\ud83c\uddf0"
    ],
    "Portugal": [
        "\ud83c\uddf5\ud83c\uddf9"
    ],
    "Paraguay": [
        "\ud83c\uddf5\ud83c\uddfe"
    ],
    "Slovenia": [
        "\ud83c\uddf8\ud83c\uddee"
    ],
    "Slovakia": [
        "\ud83c\uddf8\ud83c\uddf0"
    ],
    "Suriname": [
        "\ud83c\uddf8\ud83c\uddf7"
    ],
    "Eswatini": [
        "\ud83c\uddf8\ud83c\uddff"
    ],
    "Thailand": [
        "\ud83c\uddf9\ud83c\udded"
    ],
    "Tanzania": [
        "\ud83c\uddf9\ud83c\uddff"
    ],
    "Zimbabwe": [
        "\ud83c\uddff\ud83c\uddfc"
    ],
    "Scotland": [
        "\ud83c\udff4\udb40\udc67\udb40\udc62\udb40\udc73\udb40\udc63\udb40\udc74\udb40\udc7f"
    ],
    "hilarious": [
        "\ud83e\udd23"
    ],
    "impressed": [
        "\ud83e\udd29"
    ],
    "pondering": [
        "\ud83e\udd14"
    ],
    "grimacing": [
        "\ud83d\ude2c"
    ],
    "nauseated": [
        "\ud83e\udd22"
    ],
    "disgusted": [
        "\ud83e\udd22"
    ],
    "mindblown": [
        "\ud83e\udd2f"
    ],
    "anguished": [
        "\ud83d\ude27"
    ],
    "weary cat": [
        "\ud83d\ude40"
    ],
    "red heart": [
        "\u2764"
    ],
    "collision": [
        "\ud83d\udca5"
    ],
    "thumbs up": [
        "\ud83d\udc4d"
    ],
    "handshake": [
        "\ud83e\udd1d"
    ],
    "agreement": [
        "\ud83e\udd1d"
    ],
    "old woman": [
        "\ud83d\udc75"
    ],
    "detective": [
        "\ud83d\udd75"
    ],
    "superhero": [
        "\ud83e\uddb8"
    ],
    "merperson": [
        "\ud83e\udddc"
    ],
    "orangutan": [
        "\ud83e\udda7"
    ],
    "guide dog": [
        "\ud83e\uddae"
    ],
    "crocodile": [
        "\ud83d\udc0a"
    ],
    "butterfly": [
        "\ud83e\udd8b"
    ],
    "sunflower": [
        "\ud83c\udf3b"
    ],
    "palm tree": [
        "\ud83c\udf34"
    ],
    "mushroom\n": [
        "\ud83c\udf44"
    ],
    "tangerine": [
        "\ud83c\udf4a"
    ],
    "pineapple": [
        "\ud83c\udf4d"
    ],
    "apple red": [
        "\ud83c\udf4e"
    ],
    "croissant": [
        "\ud83e\udd50"
    ],
    "hamburger": [
        "\ud83c\udf54"
    ],
    "bento box": [
        "\ud83c\udf71"
    ],
    "rice ball": [
        "\ud83c\udf59"
    ],
    "spaghetti": [
        "\ud83c\udf5d"
    ],
    "moon cake": [
        "\ud83e\udd6e"
    ],
    "ice cream": [
        "\ud83c\udf68"
    ],
    "shortcake": [
        "\ud83c\udf70"
    ],
    "honey pot": [
        "\ud83c\udf6f"
    ],
    "world map": [
        "\ud83d\uddfa"
    ],
    "synagogue": [
        "\ud83d\udd4d"
    ],
    "cityscape": [
        "\ud83c\udfd9"
    ],
    "ambulance": [
        "\ud83d\ude91"
    ],
    "stop sign": [
        "\ud83d\uded1"
    ],
    "speedboat": [
        "\ud83d\udea4"
    ],
    "parachute": [
        "\ud83e\ude82"
    ],
    "satellite": [
        "\ud83d\udef0"
    ],
    "stopwatch": [
        "\u23f1"
    ],
    "full moon": [
        "\ud83c\udf1d"
    ],
    "milky way": [
        "\ud83c\udf0c"
    ],
    "snowflake": [
        "\u2744"
    ],
    "fireworks": [
        "\ud83c\udf86"
    ],
    "ping pong": [
        "\ud83c\udfd3"
    ],
    "badminton": [
        "\ud83c\udff8"
    ],
    "ice skate": [
        "\u26f8"
    ],
    "club suit": [
        "\u2663"
    ],
    "flat shoe": [
        "\ud83e\udd7f"
    ],
    "megaphone": [
        "\ud83d\udce3"
    ],
    "headphone": [
        "\ud83c\udfa7"
    ],
    "saxophone": [
        "\ud83c\udfb7"
    ],
    "telephone": [
        "\u260e"
    ],
    "trackball": [
        "\ud83d\uddb2"
    ],
    "open book": [
        "\ud83d\udcd6"
    ],
    "blue book": [
        "\ud83d\udcd8"
    ],
    "newspaper": [
        "\ud83d\udcf0"
    ],
    "black nib": [
        "\u2712"
    ],
    "bar chart": [
        "\ud83d\udcca"
    ],
    "clipboard": [
        "\ud83d\udccb"
    ],
    "paperclip": [
        "\ud83d\udcce"
    ],
    "test tube": [
        "\ud83e\uddea"
    ],
    "telescope": [
        "\ud83d\udd2d"
    ],
    "cigarette": [
        "\ud83d\udeac"
    ],
    "END arrow": [
        "\ud83d\udd1a"
    ],
    "ON! arrow": [
        "\ud83d\udd1b"
    ],
    "Capricorn": [
        "\u2651"
    ],
    "male sign": [
        "\u2642"
    ],
    "wavy dash": [
        "\u3030"
    ],
    "copyright": [
        "\u00a9"
    ],
    "CL button": [
        "\ud83c\udd91"
    ],
    "ID button": [
        "\ud83c\udd94"
    ],
    "circled M": [
        "\u24c2"
    ],
    "NG button": [
        "\ud83c\udd96"
    ],
    "OK button": [
        "\ud83c\udd97"
    ],
    "VS button": [
        "\ud83c\udd9a"
    ],
    "Argentina": [
        "\ud83c\udde6\ud83c\uddf7"
    ],
    "Australia": [
        "\ud83c\udde6\ud83c\uddfa"
    ],
    "Gibraltar": [
        "\ud83c\uddec\ud83c\uddee"
    ],
    "Greenland": [
        "\ud83c\uddec\ud83c\uddf1"
    ],
    "Guatemala": [
        "\ud83c\uddec\ud83c\uddf9"
    ],
    "Indonesia": [
        "\ud83c\uddee\ud83c\udde9"
    ],
    "St. Lucia": [
        "\ud83c\uddf1\ud83c\udde8"
    ],
    "Sri Lanka": [
        "\ud83c\uddf1\ud83c\uddf0"
    ],
    "Lithuania": [
        "\ud83c\uddf1\ud83c\uddf9"
    ],
    "Mauritius": [
        "\ud83c\uddf2\ud83c\uddfa"
    ],
    "Nicaragua": [
        "\ud83c\uddf3\ud83c\uddee"
    ],
    "Singapore": [
        "\ud83c\uddf8\ud83c\uddec"
    ],
    "Venezuela": [
        "\ud83c\uddfb\ud83c\uddea"
    ],
    "palestine": [
        "\ud83c\udf49"
    ],
    "recycling": [
        "\u267b"
    ],
    "bismillah": [
        "\ufdfd"
    ],
    "trademark": [
        "\u2122"
    ],
    "Bangladesh": [
        "\ud83c\udde7\ud83c\udde9"
    ],
    "cowboy hat": [
        "\ud83e\udd20"
    ],
    "astonished": [
        "\ud83d\ude32"
    ],
    "confounded": [
        "\ud83d\ude16"
    ],
    "frustrated": [
        "\ud83e\udd2c"
    ],
    "crossbones": [
        "\u2620"
    ],
    "crying cat": [
        "\ud83d\ude3f"
    ],
    "two hearts": [
        "\ud83d\udc95"
    ],
    "heartbreak": [
        "\ud83d\udc94"
    ],
    "blue heart": [
        "\ud83d\udc99"
    ],
    "open hands": [
        "\ud83d\udc50"
    ],
    "baby angel": [
        "\ud83d\udc7c"
    ],
    "Mrs. Claus": [
        "\ud83e\udd36"
    ],
    "footprints": [
        "\ud83d\udc63"
    ],
    "curly hair": [
        "\ud83e\uddb1"
    ],
    "white hair": [
        "\ud83e\uddb3"
    ],
    "rhinoceros": [
        "\ud83e\udd8f"
    ],
    "paw prints": [
        "\ud83d\udc3e"
    ],
    "baby chick": [
        "\ud83d\udc24"
    ],
    "spider web": [
        "\ud83d\udd78"
    ],
    "maple leaf": [
        "\ud83c\udf41"
    ],
    "watermelon": [
        "\ud83c\udf49"
    ],
    "strawberry": [
        "\ud83c\udf53"
    ],
    "kiwi fruit": [
        "\ud83e\udd5d"
    ],
    "hot pepper": [
        "\ud83c\udf36"
    ],
    "curry rice": [
        "\ud83c\udf5b"
    ],
    "shaved ice": [
        "\ud83c\udf67"
    ],
    "wine glass": [
        "\ud83c\udf77"
    ],
    "mount fuji": [
        "\ud83d\uddfb"
    ],
    "love hotel": [
        "\ud83c\udfe9"
    ],
    "light rail": [
        "\ud83d\ude88"
    ],
    "trolleybus": [
        "\ud83d\ude8e"
    ],
    "police car": [
        "\ud83d\ude93"
    ],
    "automobile": [
        "\ud83d\ude97"
    ],
    "racing car": [
        "\ud83c\udfce"
    ],
    "motorcycle": [
        "\ud83c\udfcd"
    ],
    "skateboard": [
        "\ud83d\udef9"
    ],
    "motor boat": [
        "\ud83d\udee5"
    ],
    "helicopter": [
        "\ud83d\ude81"
    ],
    "one-thirty": [
        "\ud83d\udd5c"
    ],
    "two-thirty": [
        "\ud83d\udd5d"
    ],
    "six-thirty": [
        "\ud83d\udd61"
    ],
    "ten-thirty": [
        "\ud83d\udd65"
    ],
    "wind chime": [
        "\ud83c\udf90"
    ],
    "basketball": [
        "\ud83c\udfc0"
    ],
    "volleyball": [
        "\ud83c\udfd0"
    ],
    "video game": [
        "\ud83c\udfae"
    ],
    "teddy bear": [
        "\ud83e\uddf8"
    ],
    "spade suit": [
        "\u2660"
    ],
    "heart suit": [
        "\u2665"
    ],
    "chess pawn": [
        "\u265f"
    ],
    "sunglasses": [
        "\ud83d\udd76"
    ],
    "clutch bag": [
        "\ud83d\udc5d"
    ],
    "man\u2019s shoe": [
        "\ud83d\udc5e"
    ],
    "billed cap": [
        "\ud83e\udde2"
    ],
    "gem stone\n": [
        "\ud83d\udc8e"
    ],
    "microphone": [
        "\ud83c\udfa4"
    ],
    "television": [
        "\ud83d\udcfa"
    ],
    "light bulb": [
        "\ud83d\udca1"
    ],
    "flashlight": [
        "\ud83d\udd26"
    ],
    "diya lamp\n": [
        "\ud83e\ude94"
    ],
    "green book": [
        "\ud83d\udcd7"
    ],
    "inbox tray": [
        "\ud83d\udce5"
    ],
    "paintbrush": [
        "\ud83d\udd8c"
    ],
    "card index": [
        "\ud83d\udcc7"
    ],
    "white cane": [
        "\ud83e\uddaf"
    ],
    "petri dish": [
        "\ud83e\uddeb"
    ],
    "microscope": [
        "\ud83d\udd2c"
    ],
    "safety pin": [
        "\ud83e\uddf7"
    ],
    "men\u2019s room": [
        "\ud83d\udeb9"
    ],
    "prohibited": [
        "\ud83d\udeab"
    ],
    "no smoking": [
        "\ud83d\udead"
    ],
    "biohazard\n": [
        "\u2623"
    ],
    "down arrow": [
        "\u2b07"
    ],
    "left arrow": [
        "\u2b05"
    ],
    "BACK arrow": [
        "\ud83d\udd19"
    ],
    "SOON arrow": [
        "\ud83d\udd1c"
    ],
    "TOP arrow\n": [
        "\ud83d\udd1d"
    ],
    "Ophiuchus\n": [
        "\u26ce"
    ],
    "dim button": [
        "\ud83d\udd05"
    ],
    "name badge": [
        "\ud83d\udcdb"
    ],
    "curly loop": [
        "\u27b0"
    ],
    "registered": [
        "\u00ae"
    ],
    "keycap: 10": [
        "\ud83d\udd1f"
    ],
    "NEW button": [
        "\ud83c\udd95"
    ],
    "SOS button": [
        "\ud83c\udd98"
    ],
    "UP! button": [
        "\ud83c\udd99"
    ],
    "red circle": [
        "\ud83d\udd34"
    ],
    "red square": [
        "\ud83d\udfe5"
    ],
    "black flag": [
        "\ud83c\udff4"
    ],
    "white flag": [
        "\ud83c\udff3"
    ],
    "Antarctica": [
        "\ud83c\udde6\ud83c\uddf6"
    ],
    "Azerbaijan": [
        "\ud83c\udde6\ud83c\uddff"
    ],
    "Costa Rica": [
        "\ud83c\udde8\ud83c\uddf7"
    ],
    "Cape Verde": [
        "\ud83c\udde8\ud83c\uddfb"
    ],
    "Micronesia": [
        "\ud83c\uddeb\ud83c\uddf2"
    ],
    "Guadeloupe": [
        "\ud83c\uddec\ud83c\uddf5"
    ],
    "Kyrgyzstan": [
        "\ud83c\uddf0\ud83c\uddec"
    ],
    "Kazakhstan": [
        "\ud83c\uddf0\ud83c\uddff"
    ],
    "Luxembourg": [
        "\ud83c\uddf1\ud83c\uddfa"
    ],
    "Montenegro": [
        "\ud83c\uddf2\ud83c\uddea"
    ],
    "St. Martin": [
        "\ud83c\uddf2\ud83c\uddeb"
    ],
    "Madagascar": [
        "\ud83c\uddf2\ud83c\uddec"
    ],
    "Martinique": [
        "\ud83c\uddf2\ud83c\uddf6"
    ],
    "Mauritania": [
        "\ud83c\uddf2\ud83c\uddf7"
    ],
    "Montserrat": [
        "\ud83c\uddf2\ud83c\uddf8"
    ],
    "Mozambique": [
        "\ud83c\uddf2\ud83c\uddff"
    ],
    "Seychelles": [
        "\ud83c\uddf8\ud83c\udde8"
    ],
    "St. Helena": [
        "\ud83c\uddf8\ud83c\udded"
    ],
    "San Marino": [
        "\ud83c\uddf8\ud83c\uddf2"
    ],
    "Tajikistan": [
        "\ud83c\uddf9\ud83c\uddef"
    ],
    "Uzbekistan": [
        "\ud83c\uddfa\ud83c\uddff"
    ],
    "wheelchair": [
        "\u267f"
    ],
    "trade_mark": [
        "\u2122"
    ],
    "\u099f\u09cd\u09b0\u09c7\u09a1\u09ae\u09be\u09b0\u09cd\u0995": [
        "\u2122"
    ],
    "magnifying": [
        "\ud83d\udd0d"
    ],
    "upside-down": [
        "\ud83d\ude43"
    ],
    "star-struck": [
        "\ud83e\udd29"
    ],
    "money-mouth": [
        "\ud83e\udd11"
    ],
    "intelligent": [
        "\ud83e\udd13"
    ],
    "persevering": [
        "\ud83d\ude23"
    ],
    "kissing cat": [
        "\ud83d\ude3d"
    ],
    "pouting cat": [
        "\ud83d\ude3e"
    ],
    "green heart": [
        "\ud83d\udc9a"
    ],
    "brown heart": [
        "\ud83e\udd0e"
    ],
    "black heart": [
        "\ud83d\udda4"
    ],
    "raised hand": [
        "\u270b"
    ],
    "thumbs down": [
        "\ud83d\udc4e"
    ],
    "raised fist": [
        "\u270a"
    ],
    "celebration": [
        "\ud83d\ude4c"
    ],
    "partnership": [
        "\ud83e\udd1d"
    ],
    "nail polish": [
        "\ud83d\udc85"
    ],
    "deaf person": [
        "\ud83e\uddcf"
    ],
    "Santa Claus": [
        "\ud83c\udf85"
    ],
    "man dancing": [
        "\ud83d\udd7a"
    ],
    "snowboarder": [
        "\ud83c\udfc2"
    ],
    "lady beetle": [
        "\ud83d\udc1e"
    ],
    "fallen leaf": [
        "\ud83c\udf42"
    ],
    "apple green": [
        "\ud83c\udf4f"
    ],
    "ear of corn": [
        "\ud83c\udf3d"
    ],
    "leafy green": [
        "\ud83e\udd6c"
    ],
    "poultry leg": [
        "\ud83c\udf57"
    ],
    "cut of meat": [
        "\ud83e\udd69"
    ],
    "pot of food": [
        "\ud83c\udf72"
    ],
    "green salad": [
        "\ud83e\udd57"
    ],
    "canned food": [
        "\ud83e\udd6b"
    ],
    "cooked rice": [
        "\ud83c\udf5a"
    ],
    "takeout box": [
        "\ud83e\udd61"
    ],
    "baby bottle": [
        "\ud83c\udf7c"
    ],
    "post office": [
        "\ud83c\udfe4"
    ],
    "Tokyo tower": [
        "\ud83d\uddfc"
    ],
    "hot springs": [
        "\u2668"
    ],
    "barber pole": [
        "\ud83d\udc88"
    ],
    "railway car": [
        "\ud83d\ude83"
    ],
    "fire engine": [
        "\ud83d\ude92"
    ],
    "alarm clock": [
        "\u23f0"
    ],
    "timer clock": [
        "\u23f2"
    ],
    "one o\u2019clock": [
        "\ud83d\udd50"
    ],
    "two o\u2019clock": [
        "\ud83d\udd51"
    ],
    "four-thirty": [
        "\ud83d\udd5f"
    ],
    "five-thirty": [
        "\ud83d\udd60"
    ],
    "six o\u2019clock": [
        "\ud83d\udd55"
    ],
    "nine-thirty": [
        "\ud83d\udd64"
    ],
    "ten o\u2019clock": [
        "\ud83d\udd59"
    ],
    "thermometer": [
        "\ud83c\udf21"
    ],
    "water wave\n": [
        "\ud83c\udf0a"
    ],
    "firecracker": [
        "\ud83e\udde8"
    ],
    "flying disc": [
        "\ud83e\udd4f"
    ],
    "diving mask": [
        "\ud83e\udd3f"
    ],
    "pool 8 ball": [
        "\ud83c\udfb1"
    ],
    "safety vest": [
        "\ud83e\uddba"
    ],
    "hiking boot": [
        "\ud83e\udd7e"
    ],
    "woman\u2019s hat": [
        "\ud83d\udc52"
    ],
    "loudspeaker": [
        "\ud83d\udce2"
    ],
    "postal horn": [
        "\ud83d\udcef"
    ],
    "fax machine": [
        "\ud83d\udce0"
    ],
    "floppy disk": [
        "\ud83d\udcbe"
    ],
    "film frames": [
        "\ud83c\udf9e"
    ],
    "closed book": [
        "\ud83d\udcd5"
    ],
    "orange book": [
        "\ud83d\udcd9"
    ],
    "credit card": [
        "\ud83d\udcb3"
    ],
    "outbox tray": [
        "\ud83d\udce4"
    ],
    "file folder": [
        "\ud83d\udcc1"
    ],
    "wastebasket": [
        "\ud83d\uddd1"
    ],
    "stethoscope": [
        "\ud83e\ude7a"
    ],
    "funeral urn": [
        "\u26b1"
    ],
    "baby symbol": [
        "\ud83d\udebc"
    ],
    "no bicycles": [
        "\ud83d\udeb3"
    ],
    "radioactive": [
        "\u2622"
    ],
    "right arrow": [
        "\u27a1"
    ],
    "atom symbol": [
        "\u269b"
    ],
    "latin cross": [
        "\u271d"
    ],
    "Sagittarius": [
        "\u2650"
    ],
    "play button": [
        "\u25b6"
    ],
    "stop button": [
        "\u23f9"
    ],
    "female sign": [
        "\u2640"
    ],
    "COOL button": [
        "\ud83c\udd92"
    ],
    "FREE button": [
        "\ud83c\udd93"
    ],
    "information": [
        "\u2139"
    ],
    "blue circle": [
        "\ud83d\udd35"
    ],
    "blue square": [
        "\ud83d\udfe6"
    ],
    "pirate flag": [
        "\ud83c\udff4\u200d\u2620\ufe0f"
    ],
    "Afghanistan": [
        "\ud83c\udde6\ud83c\uddeb"
    ],
    "Switzerland": [
        "\ud83c\udde8\ud83c\udded"
    ],
    "Isle of Man": [
        "\ud83c\uddee\ud83c\uddf2"
    ],
    "North Korea": [
        "\ud83c\uddf0\ud83c\uddf5"
    ],
    "South Korea": [
        "\ud83c\uddf0\ud83c\uddf7"
    ],
    "Netherlands": [
        "\ud83c\uddf3\ud83c\uddf1"
    ],
    "New Zealand": [
        "\ud83c\uddf3\ud83c\uddff"
    ],
    "Philippines": [
        "\ud83c\uddf5\ud83c\udded"
    ],
    "Puerto Rico": [
        "\ud83c\uddf5\ud83c\uddf7"
    ],
    "South Sudan": [
        "\ud83c\uddf8\ud83c\uddf8"
    ],
    "El Salvador": [
        "\ud83c\uddf8\ud83c\uddfb"
    ],
    "Timor-Leste": [
        "\ud83c\uddf9\ud83c\uddf1"
    ],
    "affectionate": [
        "\ud83e\udd17"
    ],
    "zipper-mouth": [
        "\ud83e\udd10"
    ],
    "disappointed": [
        "\ud83d\ude1e"
    ],
    "entertaining": [
        "\ud83e\udd21"
    ],
    "grinning cat": [
        "\ud83d\ude3a"
    ],
    "broken heart": [
        "\ud83d\udc94"
    ],
    "orange heart": [
        "\ud83e\udde1"
    ],
    "yellow heart": [
        "\ud83d\udc9b"
    ],
    "purple heart": [
        "\ud83d\udc9c"
    ],
    "white heart\n": [
        "\ud83e\udd0d"
    ],
    "anger symbol": [
        "\ud83d\udca2"
    ],
    "dashing away": [
        "\ud83d\udca8"
    ],
    "victory hand": [
        "\u270c"
    ],
    "call me hand": [
        "\ud83e\udd19"
    ],
    "folded hands": [
        "\ud83d\ude4f"
    ],
    "writing hand": [
        "\u270d"
    ],
    "older person": [
        "\ud83e\uddd3"
    ],
    "supervillain": [
        "\ud83e\uddb9"
    ],
    "horse racing": [
        "\ud83c\udfc7"
    ],
    "hippopotamus": [
        "\ud83e\udd9b"
    ],
    "spiral shell": [
        "\ud83d\udc1a"
    ],
    "white flower": [
        "\ud83d\udcae"
    ],
    "cheese wedge": [
        "\ud83e\uddc0"
    ],
    "meat on bone": [
        "\ud83c\udf56"
    ],
    "french fries": [
        "\ud83c\udf5f"
    ],
    "rice cracker": [
        "\ud83c\udf58"
    ],
    "fried shrimp": [
        "\ud83c\udf64"
    ],
    "hot beverage": [
        "\u2615"
    ],
    "beverage box": [
        "\ud83e\uddc3"
    ],
    "map of Japan": [
        "\ud83d\uddfe"
    ],
    "hindu temple": [
        "\ud83d\uded5"
    ],
    "ferris wheel": [
        "\ud83c\udfa1"
    ],
    "circus tent\n": [
        "\ud83c\udfaa"
    ],
    "bullet train": [
        "\ud83d\ude85"
    ],
    "oncoming bus": [
        "\ud83d\ude8d"
    ],
    "kick scooter": [
        "\ud83d\udef4"
    ],
    "construction": [
        "\ud83d\udea7"
    ],
    "bellhop bell": [
        "\ud83d\udece"
    ],
    "three-thirty": [
        "\ud83d\udd5e"
    ],
    "four o\u2019clock": [
        "\ud83d\udd53"
    ],
    "five o\u2019clock": [
        "\ud83d\udd54"
    ],
    "seven-thirty": [
        "\ud83d\udd62"
    ],
    "eight-thirty": [
        "\ud83d\udd63"
    ],
    "nine o\u2019clock": [
        "\ud83d\udd58"
    ],
    "glowing star": [
        "\ud83c\udf1f"
    ],
    "high voltage": [
        "\u26a1"
    ],
    "party popper": [
        "\ud83c\udf89"
    ],
    "red envelope": [
        "\ud83e\udde7"
    ],
    "wrapped gift": [
        "\ud83c\udf81"
    ],
    "sports medal": [
        "\ud83c\udfc5"
    ],
    "boxing glove": [
        "\ud83e\udd4a"
    ],
    "flag in hole": [
        "\u26f3"
    ],
    "fishing pole": [
        "\ud83c\udfa3"
    ],
    "water pistol": [
        "\ud83d\udd2b"
    ],
    "crystal ball": [
        "\ud83d\udd2e"
    ],
    "slot machine": [
        "\ud83c\udfb0"
    ],
    "puzzle piece": [
        "\ud83e\udde9"
    ],
    "diamond suit": [
        "\u2666"
    ],
    "running shoe": [
        "\ud83d\udc5f"
    ],
    "ballet shoes": [
        "\ud83e\ude70"
    ],
    "woman\u2019s boot": [
        "\ud83d\udc62"
    ],
    "prayer beads": [
        "\ud83d\udcff"
    ],
    "musical note": [
        "\ud83c\udfb5"
    ],
    "level slider": [
        "\ud83c\udf9a"
    ],
    "optical disk": [
        "\ud83d\udcbf"
    ],
    "video camera": [
        "\ud83d\udcf9"
    ],
    "yen banknote": [
        "\ud83d\udcb4"
    ],
    "fountain pen": [
        "\ud83d\udd8b"
    ],
    "file cabinet": [
        "\ud83d\uddc4"
    ],
    "nut and bolt": [
        "\ud83d\udd29"
    ],
    "nazar amulet": [
        "\ud83e\uddff"
    ],
    "women\u2019s room": [
        "\ud83d\udeba"
    ],
    "water closet": [
        "\ud83d\udebe"
    ],
    "no littering": [
        "\ud83d\udeaf"
    ],
    "peace symbol": [
        "\u262e"
    ],
    "pause button": [
        "\u23f8"
    ],
    "eject button": [
        "\u23cf"
    ],
    "antenna bars": [
        "\ud83d\udcf6"
    ],
    "fleur-de-lis": [
        "\u269c"
    ],
    "green circle": [
        "\ud83d\udfe2"
    ],
    "brown circle": [
        "\ud83d\udfe4"
    ],
    "black circle": [
        "\u26ab"
    ],
    "white circle": [
        "\u26aa"
    ],
    "green square": [
        "\ud83d\udfe9"
    ],
    "brown square": [
        "\ud83d\udfeb"
    ],
    "radio button": [
        "\ud83d\udd18"
    ],
    "rainbow flag": [
        "\ud83c\udff3\ufe0f\u200d\ud83c\udf08"
    ],
    "Burkina Faso": [
        "\ud83c\udde7\ud83c\uddeb"
    ],
    "Cook Islands": [
        "\ud83c\udde8\ud83c\uddf0"
    ],
    "Diego Garcia": [
        "\ud83c\udde9\ud83c\uddec"
    ],
    "Saudi Arabia": [
        "\ud83c\uddf8\ud83c\udde6"
    ],
    "Sierra Leone": [
        "\ud83c\uddf8\ud83c\uddf1"
    ],
    "Sint Maarten": [
        "\ud83c\uddf8\ud83c\uddfd"
    ],
    "Turkmenistan": [
        "\ud83c\uddf9\ud83c\uddf2"
    ],
    "Vatican City": [
        "\ud83c\uddfb\ud83c\udde6"
    ],
    "South Africa": [
        "\ud83c\uddff\ud83c\udde6"
    ],
    "face vomiting": [
        "\ud83e\udd2e"
    ],
    "loudly crying": [
        "\ud83d\ude2d"
    ],
    "alien monster": [
        "\ud83d\udc7e"
    ],
    "heart growing": [
        "\ud83d\udc97"
    ],
    "beating heart": [
        "\ud83d\udc93"
    ],
    "vulcan salute": [
        "\ud83d\udd96"
    ],
    "pinching hand": [
        "\ud83e\udd0f"
    ],
    "middle finger": [
        "\ud83d\udd95"
    ],
    "oncoming fist": [
        "\ud83d\udc4a"
    ],
    "raising hands": [
        "\ud83d\ude4c"
    ],
    "flexed biceps": [
        "\ud83d\udcaa"
    ],
    "person: beard": [
        "\ud83e\uddd4"
    ],
    "person bowing": [
        "\ud83d\ude47"
    ],
    "woman dancing": [
        "\ud83d\udc83"
    ],
    "person biking": [
        "\ud83d\udeb4"
    ],
    "person in bed": [
        "\ud83d\udecc"
    ],
    "water buffalo": [
        "\ud83d\udc03"
    ],
    "tropical fish": [
        "\ud83d\udc20"
    ],
    "wilted flower": [
        "\ud83e\udd40"
    ],
    "sheaf of rice": [
        "\ud83c\udf3e"
    ],
    "steaming bowl": [
        "\ud83c\udf5c"
    ],
    "birthday cake": [
        "\ud83c\udf82"
    ],
    "chocolate bar": [
        "\ud83c\udf6b"
    ],
    "glass of milk": [
        "\ud83e\udd5b"
    ],
    "tumbler glass": [
        "\ud83e\udd43"
    ],
    "kitchen knife": [
        "\ud83d\udd2a"
    ],
    "desert island": [
        "\ud83c\udfdd"
    ],
    "national park": [
        "\ud83c\udfde"
    ],
    "shinto shrine": [
        "\u26e9"
    ],
    "oncoming taxi": [
        "\ud83d\ude96"
    ],
    "motor scooter": [
        "\ud83d\udef5"
    ],
    "auto rickshaw": [
        "\ud83d\udefa"
    ],
    "railway track": [
        "\ud83d\udee4"
    ],
    "flying saucer": [
        "\ud83d\udef8"
    ],
    "twelve-thirty": [
        "\ud83d\udd67"
    ],
    "three o\u2019clock": [
        "\ud83d\udd52"
    ],
    "seven o\u2019clock": [
        "\ud83d\udd56"
    ],
    "eight o\u2019clock": [
        "\ud83d\udd57"
    ],
    "eleven-thirty": [
        "\ud83d\udd66"
    ],
    "crescent moon": [
        "\ud83c\udf19"
    ],
    "ringed planet": [
        "\ud83e\ude90"
    ],
    "shooting star": [
        "\ud83c\udf20"
    ],
    "confetti ball": [
        "\ud83c\udf8a"
    ],
    "tanabata tree": [
        "\ud83c\udf8b"
    ],
    "carp streamer": [
        "\ud83c\udf8f"
    ],
    "running shirt": [
        "\ud83c\udfbd"
    ],
    "curling stone": [
        "\ud83e\udd4c"
    ],
    "shopping bags": [
        "\ud83d\udecd"
    ],
    "musical notes": [
        "\ud83c\udfb6"
    ],
    "control knobs": [
        "\ud83c\udf9b"
    ],
    "electric plug": [
        "\ud83d\udd0c"
    ],
    "computer disk": [
        "\ud83d\udcbd"
    ],
    "clapper board": [
        "\ud83c\udfac"
    ],
    "videocassette": [
        "\ud83d\udcfc"
    ],
    "bookmark tabs": [
        "\ud83d\udcd1"
    ],
    "euro banknote": [
        "\ud83d\udcb6"
    ],
    "round pushpin": [
        "\ud83d\udccd"
    ],
    "card file box": [
        "\ud83d\uddc3"
    ],
    "bow and arrow": [
        "\ud83c\udff9"
    ],
    "balance scale": [
        "\u2696"
    ],
    "drop of blood": [
        "\ud83e\ude78"
    ],
    "lotion bottle": [
        "\ud83e\uddf4"
    ],
    "roll of paper": [
        "\ud83e\uddfb"
    ],
    "shopping cart": [
        "\ud83d\uded2"
    ],
    "potable water": [
        "\ud83d\udeb0"
    ],
    "baggage claim": [
        "\ud83d\udec4"
    ],
    "left luggage\n": [
        "\ud83d\udec5"
    ],
    "up-left arrow": [
        "\u2196"
    ],
    "up-down arrow": [
        "\u2195"
    ],
    "star of David": [
        "\u2721"
    ],
    "repeat button": [
        "\ud83d\udd01"
    ],
    "record button": [
        "\u23fa"
    ],
    "bright button": [
        "\ud83d\udd06"
    ],
    "input numbers": [
        "\ud83d\udd22"
    ],
    "input symbols": [
        "\ud83d\udd23"
    ],
    "orange circle": [
        "\ud83d\udfe0"
    ],
    "yellow circle": [
        "\ud83d\udfe1"
    ],
    "purple circle": [
        "\ud83d\udfe3"
    ],
    "orange square": [
        "\ud83d\udfe7"
    ],
    "yellow square": [
        "\ud83d\udfe8"
    ],
    "purple square": [
        "\ud83d\udfea"
    ],
    "crossed flags": [
        "\ud83c\udf8c"
    ],
    "\u00c5land Islands": [
        "\ud83c\udde6\ud83c\uddfd"
    ],
    "Bouvet Island": [
        "\ud83c\udde7\ud83c\uddfb"
    ],
    "C\u00f4te d\u2019Ivoire": [
        "\ud83c\udde8\ud83c\uddee"
    ],
    "Faroe Islands": [
        "\ud83c\uddeb\ud83c\uddf4"
    ],
    "French Guiana": [
        "\ud83c\uddec\ud83c\uddeb"
    ],
    "Guinea-Bissau": [
        "\ud83c\uddec\ud83c\uddfc"
    ],
    "Liechtenstein": [
        "\ud83c\uddf1\ud83c\uddee"
    ],
    "New Caledonia": [
        "\ud83c\uddf3\ud83c\udde8"
    ],
    "United States": [
        "\ud83c\uddfa\ud83c\uddf8"
    ],
    "expressionless": [
        "\ud83d\ude11"
    ],
    "exploding head": [
        "\ud83e\udd2f"
    ],
    "hundred points": [
        "\ud83d\udcaf"
    ],
    "sweat droplets": [
        "\ud83d\udca6"
    ],
    "speech balloon": [
        "\ud83d\udcac"
    ],
    "clapping hands": [
        "\ud83d\udc4f"
    ],
    "mechanical arm": [
        "\ud83e\uddbe"
    ],
    "mechanical leg": [
        "\ud83e\uddbf"
    ],
    "person pouting": [
        "\ud83d\ude4e"
    ],
    "police officer": [
        "\ud83d\udc6e"
    ],
    "pregnant woman": [
        "\ud83e\udd30"
    ],
    "breast-feeding": [
        "\ud83e\udd31"
    ],
    "person walking": [
        "\ud83d\udeb6"
    ],
    "person running": [
        "\ud83c\udfc3"
    ],
    "person golfing": [
        "\ud83c\udfcc"
    ],
    "person surfing": [
        "\ud83c\udfc4"
    ],
    "two-hump camel": [
        "\ud83d\udc2b"
    ],
    "hatching chick": [
        "\ud83d\udc23"
    ],
    "spouting whale": [
        "\ud83d\udc33"
    ],
    "cherry blossom": [
        "\ud83c\udf38"
    ],
    "evergreen tree": [
        "\ud83c\udf32"
    ],
    "deciduous tree": [
        "\ud83c\udf33"
    ],
    "baguette bread": [
        "\ud83e\udd56"
    ],
    "fortune cookie": [
        "\ud83e\udd60"
    ],
    "soft ice cream": [
        "\ud83c\udf66"
    ],
    "cocktail glass": [
        "\ud83c\udf78"
    ],
    "tropical drink": [
        "\ud83c\udf79"
    ],
    "cup with straw": [
        "\ud83e\udd64"
    ],
    "fork and knife": [
        "\ud83c\udf74"
    ],
    "derelict house": [
        "\ud83c\udfda"
    ],
    "carousel horse": [
        "\ud83c\udfa0"
    ],
    "roller coaster": [
        "\ud83c\udfa2"
    ],
    "delivery truck": [
        "\ud83d\ude9a"
    ],
    "passenger ship": [
        "\ud83d\udef3"
    ],
    "small airplane": [
        "\ud83d\udee9"
    ],
    "aerial tramway": [
        "\ud83d\udea1"
    ],
    "twelve o\u2019clock": [
        "\ud83d\udd5b"
    ],
    "eleven o\u2019clock": [
        "\ud83d\udd5a"
    ],
    "Christmas tree": [
        "\ud83c\udf84"
    ],
    "Japanese dolls": [
        "\ud83c\udf8e"
    ],
    "rugby football": [
        "\ud83c\udfc9"
    ],
    "framed picture": [
        "\ud83d\uddbc"
    ],
    "artist palette": [
        "\ud83c\udfa8"
    ],
    "woman\u2019s sandal": [
        "\ud83d\udc61"
    ],
    "graduation cap": [
        "\ud83c\udf93"
    ],
    "computer mouse": [
        "\ud83d\uddb1"
    ],
    "film projector": [
        "\ud83d\udcfd"
    ],
    "page with curl": [
        "\ud83d\udcc3"
    ],
    "page facing up": [
        "\ud83d\udcc4"
    ],
    "pound banknote": [
        "\ud83d\udcb7"
    ],
    "spiral notepad": [
        "\ud83d\uddd2"
    ],
    "straight ruler": [
        "\ud83d\udccf"
    ],
    "couch and lamp": [
        "\ud83d\udecb"
    ],
    "no pedestrians": [
        "\ud83d\udeb7"
    ],
    "up-right arrow": [
        "\u2197"
    ],
    "orthodox cross": [
        "\u2626"
    ],
    "reverse button": [
        "\u25c0"
    ],
    "upwards button": [
        "\ud83d\udd3c"
    ],
    "fast up button": [
        "\u23eb"
    ],
    "vibration mode": [
        "\ud83d\udcf3"
    ],
    "medical symbol": [
        "\u2695"
    ],
    "trident emblem": [
        "\ud83d\udd31"
    ],
    "chequered flag": [
        "\n\ud83c\udfc1"
    ],
    "American Samoa": [
        "\ud83c\udde6\ud83c\uddf8"
    ],
    "St. Barth\u00e9lemy": [
        "\ud83c\udde7\ud83c\uddf1"
    ],
    "Western Sahara": [
        "\ud83c\uddea\ud83c\udded"
    ],
    "European Union": [
        "\ud83c\uddea\ud83c\uddfa"
    ],
    "United Kingdom": [
        "\ud83c\uddec\ud83c\udde7"
    ],
    "Canary Islands": [
        "\ud83c\uddee\ud83c\udde8"
    ],
    "Cayman Islands": [
        "\ud83c\uddf0\ud83c\uddfe"
    ],
    "Norfolk Island": [
        "\ud83c\uddf3\ud83c\uddeb"
    ],
    "United Nations": [
        "\ud83c\uddfa\ud83c\uddf3"
    ],
    "sparkling heart": [
        "\ud83d\udc96"
    ],
    "thought balloon": [
        "\ud83d\udcad"
    ],
    "crossed fingers": [
        "\ud83e\udd1e"
    ],
    "person frowning": [
        "\ud83d\ude4d"
    ],
    "person standing": [
        "\ud83e\uddcd"
    ],
    "person kneeling": [
        "\ud83e\uddce"
    ],
    "person climbing": [
        "\ud83e\uddd7"
    ],
    "person swimming": [
        "\ud83c\udfca"
    ],
    "person juggling": [
        "\ud83e\udd39"
    ],
    "bowl with spoon": [
        "\ud83e\udd63"
    ],
    "office building": [
        "\ud83c\udfe2"
    ],
    "Japanese castle": [
        "\ud83c\udfef"
    ],
    "bridge at night": [
        "\ud83c\udf09"
    ],
    "cloud with rain": [
        "\ud83c\udf27"
    ],
    "cloud with snow": [
        "\ud83c\udf28"
    ],
    "closed umbrella": [
        "\ud83c\udf02"
    ],
    "pine decoration": [
        "\ud83c\udf8d"
    ],
    "reminder ribbon": [
        "\ud83c\udf97"
    ],
    "1st place medal": [
        "\ud83e\udd47"
    ],
    "2nd place medal": [
        "\ud83e\udd48"
    ],
    "woman\u2019s clothes": [
        "\ud83d\udc5a"
    ],
    "dollar banknote": [
        "\ud83d\udcb5"
    ],
    "spiral calendar": [
        "\ud83d\uddd3"
    ],
    "locked with pen": [
        "\ud83d\udd0f"
    ],
    "locked with key": [
        "\ud83d\udd10"
    ],
    "hammer and pick": [
        "\u2692"
    ],
    "down-left arrow": [
        "\u2199"
    ],
    "wheel of dharma": [
        "\u2638"
    ],
    "triangular flag": [
        "\ud83d\udea9"
    ],
    "Ceuta & Melilla": [
        "\ud83c\uddea\ud83c\udde6"
    ],
    "North Macedonia": [
        "\ud83c\uddf2\ud83c\uddf0"
    ],
    "Myanmar (Burma)": [
        "\ud83c\uddf2\ud83c\uddf2"
    ],
    "Macao SAR China": [
        "\ud83c\uddf2\ud83c\uddf4"
    ],
    "Solomon Islands": [
        "\ud83c\uddf8\ud83c\udde7"
    ],
    "Wallis & Futuna": [
        "\ud83c\uddfc\ud83c\uddeb"
    ],
    "face with tongue": [
        "\ud83d\ude1b"
    ],
    "sad but relieved": [
        "\ud83d\ude25"
    ],
    "heart with arrow": [
        "\ud83d\udc98"
    ],
    "revolving hearts": [
        "\ud83d\udc9e"
    ],
    "heart decoration": [
        "\ud83d\udc9f"
    ],
    "love-you gesture": [
        "\ud83e\udd1f"
    ],
    "left-facing fist": [
        "\ud83e\udd1b"
    ],
    "person shrugging": [
        "\ud83e\udd37"
    ],
    "person in tuxedo": [
        "\ud83e\udd35"
    ],
    "person with veil": [
        "\ud83d\udc70"
    ],
    "people wrestling": [
        "\ud83e\udd3c"
    ],
    "four leaf clover": [
        "\ud83c\udf40"
    ],
    "clinking glasses": [
        "\ud83e\udd42"
    ],
    "department store": [
        "\ud83c\udfec"
    ],
    "night with stars": [
        "\ud83c\udf03"
    ],
    "high-speed train": [
        "\ud83d\ude84"
    ],
    "mountain railway": [
        "\ud83d\ude9e"
    ],
    "police car light": [
        "\ud83d\udea8"
    ],
    "airplane arrival": [
        "\ud83d\udeec"
    ],
    "sun behind cloud": [
        "\u26c5"
    ],
    "3rd place medal\n": [
        "\ud83e\udd49"
    ],
    "high-heeled shoe": [
        "\ud83d\udc60"
    ],
    "bell with slash\n": [
        "\ud83d\udd15"
    ],
    "musical keyboard": [
        "\ud83c\udfb9"
    ],
    "desktop computer": [
        "\ud83d\udda5"
    ],
    "money with wings": [
        "\ud83d\udcb8"
    ],
    "open file folder": [
        "\ud83d\udcc2"
    ],
    "chart increasing": [
        "\ud83d\udcc8"
    ],
    "chart decreasing": [
        "\ud83d\udcc9"
    ],
    "triangular ruler": [
        "\ud83d\udcd0"
    ],
    "adhesive bandage": [
        "\ud83e\ude79"
    ],
    "passport control": [
        "\ud83d\udec2"
    ],
    "no mobile phones": [
        "\ud83d\udcf5"
    ],
    "down-right arrow": [
        "\u2198"
    ],
    "left-right arrow": [
        "\u2194"
    ],
    "downwards button": [
        "\ud83d\udd3d"
    ],
    "fast down button": [
        "\u23ec"
    ],
    "mobile phone off": [
        "\ud83d\udcf4"
    ],
    "transgender flag": [
        "\ud83c\udff3\ufe0f\u200d\u26a7\ufe0f"
    ],
    "Ascension Island": [
        "\ud83c\udde6\ud83c\udde8"
    ],
    "Congo - Kinshasa": [
        "\ud83c\udde8\ud83c\udde9"
    ],
    "Christmas Island": [
        "\ud83c\udde8\ud83c\uddfd"
    ],
    "Falkland Islands": [
        "\ud83c\uddeb\ud83c\uddf0"
    ],
    "Marshall Islands": [
        "\ud83c\uddf2\ud83c\udded"
    ],
    "French Polynesia": [
        "\ud83c\uddf5\ud83c\uddeb"
    ],
    "Papua New Guinea": [
        "\ud83c\uddf5\ud83c\uddec"
    ],
    "Pitcairn Islands": [
        "\ud83c\uddf5\ud83c\uddf3"
    ],
    "Tristan da Cunha": [
        "\ud83c\uddf9\ud83c\udde6"
    ],
    "face with monocle": [
        "\ud83e\uddd0"
    ],
    "slightly frowning": [
        "\ud83d\ude41"
    ],
    "heart with ribbon": [
        "\ud83d\udc9d"
    ],
    "heart exclamation": [
        "\u2763"
    ],
    "sign of the horns": [
        "\ud83e\udd18"
    ],
    "index pointing up": [
        "\u261d"
    ],
    "right-facing fist": [
        "\ud83e\udd1c"
    ],
    "palms up together": [
        "\ud83e\udd32"
    ],
    "men holding hands": [
        "\ud83d\udc6c"
    ],
    "couple with heart": [
        "\ud83d\udc91"
    ],
    "stuffed flatbread": [
        "\ud83e\udd59"
    ],
    "house with garden": [
        "\ud83c\udfe1"
    ],
    "convenience store": [
        "\ud83c\udfea"
    ],
    "Statue of Liberty": [
        "\ud83d\uddfd"
    ],
    "cityscape at dusk": [
        "\ud83c\udf06"
    ],
    "articulated lorry": [
        "\ud83d\ude9b"
    ],
    "manual wheelchair": [
        "\ud83e\uddbd"
    ],
    "mountain cableway": [
        "\ud83d\udea0"
    ],
    "mantelpiece clock": [
        "\ud83d\udd70"
    ],
    "last quarter moon": [
        "\ud83c\udf1c"
    ],
    "admission tickets": [
        "\ud83c\udf9f"
    ],
    "american football": [
        "\ud83c\udfc8"
    ],
    "studio microphone": [
        "\ud83c\udf99"
    ],
    "camera with flash": [
        "\ud83d\udcf8"
    ],
    "red paper lantern": [
        "\ud83c\udfee"
    ],
    "incoming envelope": [
        "\ud83d\udce8"
    ],
    "tear-off calendar": [
        "\ud83d\udcc6"
    ],
    "linked paperclips": [
        "\ud83d\udd87"
    ],
    "hammer and wrench": [
        "\ud83d\udee0"
    ],
    "satellite antenna": [
        "\ud83d\udce1"
    ],
    "fire extinguisher": [
        "\ud83e\uddef"
    ],
    "children crossing": [
        "\ud83d\udeb8"
    ],
    "non-potable water": [
        "\ud83d\udeb1"
    ],
    "star and crescent": [
        "\u262a"
    ],
    "next track button": [
        "\u23ed"
    ],
    "last track button": [
        "\u23ee"
    ],
    "red question mark": [
        "\u2753"
    ],
    "currency exchange": [
        "\ud83d\udcb1"
    ],
    "heavy dollar sign": [
        "\ud83d\udcb2"
    ],
    "hollow red circle": [
        "\u2b55"
    ],
    "check mark button": [
        "\u2705"
    ],
    "cross mark button": [
        "\u274e"
    ],
    "double curly loop": [
        "\u27bf"
    ],
    "Antigua & Barbuda": [
        "\ud83c\udde6\ud83c\uddec"
    ],
    "Clipperton Island": [
        "\ud83c\udde8\ud83c\uddf5"
    ],
    "Equatorial Guinea": [
        "\ud83c\uddec\ud83c\uddf6"
    ],
    "St. Kitts & Nevis": [
        "\ud83c\uddf0\ud83c\uddf3"
    ],
    "Trinidad & Tobago": [
        "\ud83c\uddf9\ud83c\uddf9"
    ],
    "face savoring food": [
        "\ud83d\ude0b"
    ],
    "face without mouth": [
        "\ud83d\ude36"
    ],
    "cat with wry smile": [
        "\ud83d\ude3c"
    ],
    "see-no-evil monkey": [
        "\ud83d\ude48"
    ],
    "left speech bubble": [
        "\ud83d\udde8"
    ],
    "right anger bubble": [
        "\ud83d\uddef"
    ],
    "person: blond hair": [
        "\ud83d\udc71"
    ],
    "person facepalming": [
        "\ud83e\udd26"
    ],
    "person rowing boat": [
        "\ud83d\udea3"
    ],
    "person taking bath": [
        "\ud83d\udec0"
    ],
    "bust in silhouette": [
        "\ud83d\udc64"
    ],
    "clinking beer mugs": [
        "\ud83c\udf7b"
    ],
    "classical building": [
        "\ud83c\udfdb"
    ],
    "airplane departure": [
        "\ud83d\udeeb"
    ],
    "suspension railway": [
        "\ud83d\ude9f"
    ],
    "hourglass not done": [
        "\u23f3"
    ],
    "first quarter moon": [
        "\ud83c\udf1b"
    ],
    "umbrella on ground": [
        "\u26f1"
    ],
    "mahjong red dragon": [
        "\ud83c\udc04"
    ],
    "one-piece swimsuit": [
        "\ud83e\ude71"
    ],
    "speaker low volume": [
        "\ud83d\udd08"
    ],
    "telephone receiver": [
        "\ud83d\udcde"
    ],
    "litter in bin sign": [
        "\ud83d\udeae"
    ],
    "eight-pointed star": [
        "\u2734"
    ],
    "black large square": [
        "\u2b1b"
    ],
    "white large square": [
        "\u2b1c"
    ],
    "black small square": [
        "\u25aa"
    ],
    "white small square": [
        "\u25ab"
    ],
    "large blue diamond": [
        "\ud83d\udd37"
    ],
    "small blue diamond": [
        "\ud83d\udd39"
    ],
    "diamond with a dot": [
        "\ud83d\udca0"
    ],
    "Dominican Republic": [
        "\ud83c\udde9\ud83c\uddf4"
    ],
    "face blowing a kiss": [
        "\ud83d\ude18"
    ],
    "hear-no-evil monkey": [
        "\ud83d\ude49"
    ],
    "raised back of hand": [
        "\ud83e\udd1a"
    ],
    "person gesturing NO": [
        "\ud83d\ude45"
    ],
    "person gesturing OK": [
        "\ud83d\ude46"
    ],
    "person tipping hand": [
        "\ud83d\udc81"
    ],
    "person raising hand": [
        "\ud83d\ude4b"
    ],
    "construction worker": [
        "\ud83d\udc77"
    ],
    "person cartwheeling": [
        "\ud83e\udd38"
    ],
    "women holding hands": [
        "\ud83d\udc6d"
    ],
    "busts in silhouette": [
        "\ud83d\udc65"
    ],
    "shallow pan of food": [
        "\ud83e\udd58"
    ],
    "beach with umbrella": [
        "\ud83c\udfd6"
    ],
    "oncoming police car": [
        "\ud83d\ude94"
    ],
    "oncoming automobile": [
        "\ud83d\ude98"
    ],
    "waxing gibbous moon": [
        "\ud83c\udf14"
    ],
    "waning gibbous moon": [
        "\ud83c\udf16"
    ],
    "speaker high volume": [
        "\ud83d\udd0a"
    ],
    "rolled-up newspaper": [
        "\ud83d\uddde"
    ],
    "envelope with arrow": [
        "\ud83d\udce9"
    ],
    "card index dividers": [
        "\ud83d\uddc2"
    ],
    "fast-forward button": [
        "\u23e9"
    ],
    "fast reverse button": [
        "\u23ea"
    ],
    "transgender symbol\n": [
        "\u26a7"
    ],
    "white question mark": [
        "\u2754"
    ],
    "input latin letters": [
        "\ud83d\udd24"
    ],
    "black medium square": [
        "\u25fc"
    ],
    "white medium square": [
        "\u25fb"
    ],
    "white square button": [
        "\ud83d\udd33"
    ],
    "Congo - Brazzaville": [
        "\ud83c\udde8\ud83c\uddec"
    ],
    "Hong Kong SAR China": [
        "\ud83c\udded\ud83c\uddf0"
    ],
    "S\u00e3o Tom\u00e9 & Pr\u00edncipe": [
        "\ud83c\uddf8\ud83c\uddf9"
    ],
    "U.S. Virgin Islands": [
        "\ud83c\uddfb\ud83c\uddee"
    ],
    "face with open mouth": [
        "\ud83d\ude2e"
    ],
    "ear with hearing aid": [
        "\ud83e\uddbb"
    ],
    "person with skullcap": [
        "\ud83d\udc72"
    ],
    "woman with headscarf": [
        "\ud83e\uddd5"
    ],
    "person bouncing ball": [
        "\u26f9"
    ],
    "roasted sweet potato": [
        "\ud83c\udf60"
    ],
    "fish cake with swirl": [
        "\ud83c\udf65"
    ],
    "globe with meridians": [
        "\ud83c\udf10"
    ],
    "snow-capped mountain": [
        "\ud83c\udfd4"
    ],
    "Japanese post office": [
        "\ud83c\udfe3"
    ],
    "motorized wheelchair": [
        "\ud83e\uddbc"
    ],
    "waxing crescent moon": [
        "\ud83c\udf12"
    ],
    "waning crescent moon": [
        "\ud83c\udf18"
    ],
    "cloud with lightning": [
        "\ud83c\udf29"
    ],
    "martial arts uniform": [
        "\ud83e\udd4b"
    ],
    "repeat single button": [
        "\ud83d\udd02"
    ],
    "play or pause button": [
        "\u23ef"
    ],
    "red exclamation mark": [
        "\u2757"
    ],
    "check box with check": [
        "\u2611"
    ],
    "large orange diamond": [
        "\ud83d\udd36"
    ],
    "small orange diamond": [
        "\ud83d\udd38"
    ],
    "black square button\n": [
        "\ud83d\udd32"
    ],
    "United Arab Emirates": [
        "\ud83c\udde6\ud83c\uddea"
    ],
    "Bosnia & Herzegovina": [
        "\ud83c\udde7\ud83c\udde6"
    ],
    "Svalbard & Jan Mayen": [
        "\ud83c\uddf8\ud83c\uddef"
    ],
    "face with thermometer": [
        "\ud83e\udd12"
    ],
    "angry face with horns": [
        "\ud83d\udc7f"
    ],
    "cat with tears of joy": [
        "\ud83d\ude39"
    ],
    "speak-no-evil monkey\n": [
        "\ud83d\ude4a"
    ],
    "person wearing turban": [
        "\ud83d\udc73"
    ],
    "person in steamy room": [
        "\ud83e\uddd6"
    ],
    "teacup without handle": [
        "\ud83c\udf75"
    ],
    "building construction": [
        "\ud83c\udfd7"
    ],
    "sport utility vehicle": [
        "\ud83d\ude99"
    ],
    "sun behind rain cloud": [
        "\ud83c\udf26"
    ],
    "moon viewing ceremony": [
        "\ud83c\udf91"
    ],
    "flower playing cards\n": [
        "\ud83c\udfb4"
    ],
    "speaker medium volume": [
        "\ud83d\udd09"
    ],
    "no one under eighteen": [
        "\ud83d\udd1e"
    ],
    "part alternation mark": [
        "\u303d"
    ],
    "eight-spoked asterisk": [
        "\u2733"
    ],
    "input latin uppercase": [
        "\ud83d\udd20"
    ],
    "input latin lowercase": [
        "\ud83d\udd21"
    ],
    "A button (blood type)": [
        "\ud83c\udd70"
    ],
    "B button (blood type)": [
        "\ud83c\udd71"
    ],
    "O button (blood type)": [
        "\ud83c\udd7e"
    ],
    "Caribbean Netherlands": [
        "\ud83c\udde7\ud83c\uddf6"
    ],
    "St. Pierre & Miquelon": [
        "\ud83c\uddf5\ud83c\uddf2"
    ],
    "U.S. Outlying Islands": [
        "\ud83c\uddfa\ud83c\uddf2"
    ],
    "smiling face with halo": [
        "\ud83d\ude07"
    ],
    "face with rolling eyes": [
        "\ud83d\ude44"
    ],
    "face with medical mask": [
        "\ud83d\ude37"
    ],
    "face with head-bandage": [
        "\ud83e\udd15"
    ],
    "face screaming in fear": [
        "\ud83d\ude31"
    ],
    "person getting massage": [
        "\ud83d\udc86"
    ],
    "person getting haircut": [
        "\ud83d\udc87"
    ],
    "people with bunny ears": [
        "\ud83d\udc6f"
    ],
    "person lifting weights": [
        "\ud83c\udfcb"
    ],
    "person mountain biking": [
        "\ud83d\udeb5"
    ],
    "globe showing Americas": [
        "\ud83c\udf0e"
    ],
    "sunrise over mountains": [
        "\ud83c\udf04"
    ],
    "vertical traffic light": [
        "\ud83d\udea6"
    ],
    "sun behind small cloud": [
        "\ud83c\udf24"
    ],
    "sun behind large cloud": [
        "\ud83c\udf25"
    ],
    "rescue worker\u2019s helmet": [
        "\u26d1"
    ],
    "right arrow curving up": [
        "\u2934"
    ],
    "white exclamation mark": [
        "\u2755"
    ],
    "AB button (blood type)": [
        "\ud83c\udd8e"
    ],
    "Japanese \u201chere\u201d button": [
        "\ud83c\ude01"
    ],
    "Turks & Caicos Islands": [
        "\ud83c\uddf9\ud83c\udde8"
    ],
    "British Virgin Islands": [
        "\ud83c\uddfb\ud83c\uddec"
    ],
    "anxious face with sweat": [
        "\ud83d\ude30"
    ],
    "smiling face with horns": [
        "\ud83d\ude08"
    ],
    "person playing handball": [
        "\ud83e\udd3e"
    ],
    "front-facing baby chick": [
        "\ud83d\udc25"
    ],
    "leaf fluttering in wind": [
        "\ud83c\udf43"
    ],
    "mobile phone with arrow": [
        "\ud83d\udcf2"
    ],
    "ballot box with ballot\n": [
        "\ud83d\uddf3"
    ],
    "double exclamation mark": [
        "\u203c"
    ],
    "red triangle pointed up": [
        "\ud83d\udd3a"
    ],
    "Cocos (Keeling) Islands": [
        "\ud83c\udde8\ud83c\udde8"
    ],
    "Palestinian Territories": [
        "\ud83c\uddf5\ud83c\uddf8"
    ],
    "smiling face with hearts": [
        "\ud83e\udd70"
    ],
    "winking face with tongue": [
        "\ud83d\ude1c"
    ],
    "face with raised eyebrow": [
        "\ud83e\udd28"
    ],
    "downcast face with sweat": [
        "\ud83d\ude13"
    ],
    "bottle with popping cork": [
        "\ud83c\udf7e"
    ],
    "horizontal traffic light": [
        "\ud83d\udea5"
    ],
    "umbrella with rain drops": [
        "\u2614"
    ],
    "right arrow curving left": [
        "\u21a9"
    ],
    "left arrow curving right": [
        "\u21aa"
    ],
    "right arrow curving down": [
        "\u2935"
    ],
    "dotted six-pointed star\n": [
        "\ud83d\udd2f"
    ],
    "Japanese \u201csecret\u201d button": [
        "\u3299"
    ],
    "Central African Republic": [
        "\ud83c\udde8\ud83c\uddeb"
    ],
    "Heard & McDonald Islands": [
        "\ud83c\udded\ud83c\uddf2"
    ],
    "Northern Mariana Islands": [
        "\ud83c\uddf2\ud83c\uddf5"
    ],
    "St. Vincent & Grenadines": [
        "\ud83c\uddfb\ud83c\udde8"
    ],
    "face with hand over mouth": [
        "\ud83e\udd2d"
    ],
    "face with steam from nose": [
        "\ud83d\ude24"
    ],
    "hand with fingers splayed": [
        "\ud83d\udd90"
    ],
    "person in suit levitating": [
        "\ud83d\udd74"
    ],
    "person playing water polo": [
        "\ud83e\udd3d"
    ],
    "fork and knife with plate": [
        "\ud83c\udf7d"
    ],
    "clockwise vertical arrows": [
        "\ud83d\udd03"
    ],
    "exclamation question mark": [
        "\u2049"
    ],
    "Japanese \u201cbargain\u201d button": [
        "\ud83c\ude50"
    ],
    "Japanese \u201cvacancy\u201d button": [
        "\ud83c\ude33"
    ],
    "black medium-small square": [
        "\u25fe"
    ],
    "white medium-small square": [
        "\u25fd"
    ],
    "red triangle pointed down": [
        "\ud83d\udd3b"
    ],
    "squinting face with tongue": [
        "\ud83d\ude1d"
    ],
    "face with crossed-out eyes": [
        "\ud83d\ude35"
    ],
    "face with symbols on mouth": [
        "\ud83e\udd2c"
    ],
    "backhand index pointing up": [
        "\ud83d\udc46"
    ],
    "chart increasing with yen\n": [
        "\ud83d\udcb9"
    ],
    "Japanese \u201creserved\u201d button": [
        "\ud83c\ude2f"
    ],
    "Japanese \u201cdiscount\u201d button": [
        "\ud83c\ude39"
    ],
    "smiling cat with heart-eyes": [
        "\ud83d\ude3b"
    ],
    "woman and man holding hands": [
        "\ud83d\udc6b"
    ],
    "French Southern Territories": [
        "\ud83c\uddf9\ud83c\uddeb"
    ],
    "smiling face with open hands": [
        "\ud83e\udd17"
    ],
    "smiling face with sunglasses": [
        "\ud83d\ude0e"
    ],
    "backhand index pointing left": [
        "\ud83d\udc48"
    ],
    "backhand index pointing down": [
        "\ud83d\udc47"
    ],
    "globe showing Asia-Australia": [
        "\ud83c\udf0f"
    ],
    "Japanese symbol for beginner": [
        "\ud83d\udd30"
    ],
    "Japanese \u201cprohibited\u201d button": [
        "\ud83c\ude32"
    ],
    "Japanese \u201cacceptable\u201d button": [
        "\ud83c\ude51"
    ],
    "Japanese \u201cno vacancy\u201d button": [
        "\ud83c\ude35"
    ],
    "kissing face with closed eyes": [
        "\ud83d\ude1a"
    ],
    "frowning face with open mouth": [
        "\ud83d\ude26"
    ],
    "backhand index pointing right": [
        "\ud83d\udc49"
    ],
    "cloud with lightning and rain": [
        "\u26c8"
    ],
    "magnifying glass tilted right": [
        "\ud83d\udd0e"
    ],
    "Japanese \u201capplication\u201d button": [
        "\ud83c\ude38"
    ],
    "smiling face with smiling eyes": [
        "\ud83d\ude0a"
    ],
    "kissing face with smiling eyes": [
        "\ud83d\ude19"
    ],
    "grinning cat with smiling eyes": [
        "\ud83d\ude38"
    ],
    "counterclockwise arrows button": [
        "\ud83d\udd04"
    ],
    "British Indian Ocean Territory": [
        "\ud83c\uddee\ud83c\uddf4"
    ],
    "closed mailbox with raised flag": [
        "\ud83d\udceb"
    ],
    "Japanese \u201cpassing grade\u201d button": [
        "\ud83c\ude34"
    ],
    "closed mailbox with lowered flag": [
        "\ud83d\udcea"
    ],
    "Japanese \u201cservice charge\u201d button": [
        "\ud83c\ude02"
    ],
    "Japanese \u201cmonthly amount\u201d button": [
        "\ud83c\ude37"
    ],
    "Japanese \u201cfree of charge\u201d button": [
        "\ud83c\ude1a"
    ],
    "Japanese \u201ccongratulations\u201d button": [
        "\u3297"
    ],
    "Japanese \u201copen for business\u201d button": [
        "\ud83c\ude3a"
    ],
    "Japanese \u201cnot free of charge\u201d button": [
        "\ud83c\ude36"
    ],
    "South Georgia & South Sandwich Islands": [
        "\ud83c\uddec\ud83c\uddf8"
    ]
}