{
    "Recents": [
        "🕀",
        "🕅",
        "⯏",
        "⌂",
        "⭷",
        "᧨",
        "🗮",
        "♒",
        "㋖",
        "🙓",
        "🠧",
        "🢪",
        "⯂",
        "η",
        "ⅸ",
        "🢔",
        "🠴",
        "🙑",
        "㊬",
        "♲",
        "⚟",
        "☯︎",
        "𝆦",
        "ﷲ",
        "Ü",
        "⅋",
        "℡",
        "🡆",
        "㎭",
        "⌶",
        "⅐",
        "ℋ",
        "ℇ",
        "Ï",
        "±"
    ],
    "Favourites": [
        "㎆",
        "㎅",
        "㎇",
        "㎏",
        "㎎",
        "㎑",
        "㎒",
        "㎓",
        "㎔",
        "㏖",
        "㏗",
        "㏘",
        "㏙",
        "🌤",
        "🌣",
        "🌥",
        "🌦"
    ],
    "Standard": [
        "€",
        "‚",
        "ƒ",
        "„",
        "…",
        "†",
        "‡",
        "ˆ",
        "‰",
        "Š",
        "‹",
        "Œ",
        "Ž",
        "‘",
        "’",
        "“",
        "”",
        "•",
        "–",
        "—",
        "˜",
        "™",
        "š",
        "›",
        "œ",
        "ž",
        "Ÿ",
        "¡",
        "¢",
        "£",
        "¤",
        "¥",
        "¦",
        "§",
        "¨",
        "©",
        "ª",
        "«",
        "¬",
        "­",
        "®",
        "¯",
        "°",
        "±",
        "²",
        "³",
        "´",
        "µ",
        "¶",
        "·",
        "¸",
        "¹",
        "º",
        "»",
        "¼",
        "½",
        "¾",
        "¿",
        "À",
        "Á",
        "Â",
        "Ã",
        "Ä",
        "Å",
        "Æ",
        "Ç",
        "È",
        "É",
        "Ê",
        "Ë",
        "Ì",
        "Í",
        "Î",
        "Ï",
        "Ð",
        "Ñ",
        "Ò",
        "Ó",
        "Ô",
        "Õ",
        "Ö",
        "×",
        "Ø",
        "Ù",
        "Ú",
        "Û",
        "Ü",
        "Ý",
        "Þ",
        "ß",
        "à",
        "4",
        "á",
        "â",
        "ã",
        "ä",
        "å",
        "æ",
        "ç",
        "è",
        "é",
        "ê",
        "ë",
        "ì",
        "í",
        "î",
        "ï",
        "ð",
        "ñ",
        "ò",
        "ó",
        "ô",
        "õ",
        "ö",
        "÷",
        "ø",
        "ù",
        "ú",
        "û",
        "ü",
        "ý",
        "þ",
        "ÿ",
        "ﷲ",
        "ﷴ",
        "ﷺ",
        "ﷻ",
        "﷼",
        "﷽"
    ],
    "Extra": [
        "ৠ",
        "‍ঌ",
        " ়",
        "ঽ",
        "ৄ",
        "ৗ",
        "ৡ",
        "ৢ",
        "ৣ",
        "৲",
        "৴",
        "৵",
        "৶",
        "৷",
        "৸",
        "৹",
        "৺",
        "ৰ",
        "ৱ"
    ],
    "Currency Symbols": [
        "₠",
        "₡",
        "₢",
        "₣",
        "₤",
        "₥",
        "₦",
        "₧",
        "₨",
        "₩",
        "₪",
        "₫",
        "€",
        "₭",
        "₮",
        "₯",
        "₰",
        "₱",
        "₲",
        "₳",
        "₴",
        "₵",
        "₶",
        "₷",
        "₸",
        "₹",
        "₺",
        "₻",
        "₼",
        "₽",
        "₾",
        "₿"
    ],
    "Religious and political symbols": [
        "ॐ",
        "✙",
        "✚",
        "✜",
        "✝",
        "✞",
        "✟",
        "✠",
        "✡",
        "֍",
        "֎",
        "🕉︎",
        "☦︎",
        "☧",
        "☨",
        "☩",
        "☪︎",
        "☫",
        "☬",
        "☭",
        "☮︎",
        "☯︎",
        "⛧",
        "♰",
        "♱",
        "⛩",
        "📿︎",
        "🕀",
        "🕁",
        "🕂",
        "🕃",
        "🕄",
        "🕅",
        "🕆",
        "🕇",
        "🕈",
        "🕊︎",
        "🕋︎",
        "🕌︎",
        "🕍︎",
        "🕎︎"
    ],
    "Greek Characters": [
        "Α",
        "Β",
        "Γ",
        "Δ",
        "Ε",
        "Ζ",
        "Η",
        "Θ",
        "Ι",
        "Κ",
        "Λ",
        "Μ",
        "Ν",
        "Ξ",
        "Ο",
        "Π",
        "Ρ",
        "΢",
        "Σ",
        "Τ",
        "Υ",
        "Φ",
        "Χ",
        "Ψ",
        "Ω",
        "Ϊ",
        "Ϋ",
        "ά",
        "έ",
        "ή",
        "ί",
        "ΰ",
        "α",
        "β",
        "γ",
        "δ",
        "ε",
        "ζ",
        "η",
        "θ",
        "ι",
        "κ",
        "λ",
        "μ",
        "ν",
        "ξ",
        "ο",
        "π",
        "ρ",
        "ς",
        "σ",
        "τ",
        "υ",
        "φ",
        "χ",
        "ψ",
        "ω"
    ],
    "Letterlike Symbols": [
        "℀",
        "℁",
        "ℂ",
        "℃",
        "℄",
        "℅",
        "℆",
        "ℇ",
        "℈",
        "℉",
        "ℊ",
        "ℋ",
        "ℌ",
        "ℍ",
        "ℎ",
        "ℏ",
        "ℐ",
        "ℑ",
        "ℒ",
        "ℓ",
        "℔",
        "ℕ",
        "№",
        "℗",
        "℘",
        "ℙ",
        "ℚ",
        "ℛ",
        "ℜ",
        "ℝ",
        "ℵ",
        "℞",
        "℟",
        "℠",
        "℡",
        "™",
        "℣",
        "ℤ",
        "℥",
        "Ω",
        "℧",
        "ℨ",
        "℩",
        "K",
        "Å",
        "ℬ",
        "ℭ",
        "℮",
        "ℯ",
        "ℰ",
        "ℱ",
        "Ⅎ",
        "ℳ",
        "ℴ",
        "ℶ",
        "ℷ",
        "ℸ",
        "ℹ",
        "℺",
        "℻",
        "ℼ",
        "ℽ",
        "ℾ",
        "ℿ",
        "⅀",
        "⅁",
        "⅂",
        "⅃",
        "⅄",
        "ⅅ",
        "ⅆ",
        "ⅇ",
        "ⅈ",
        "ⅉ",
        "⅊",
        "⅋",
        "⅌",
        "⅍",
        "ⅎ",
        "⅏"
    ],
    "Number Forms": [
        "ↂ",
        "ↈ",
        "⅐",
        "⅑",
        "⅒",
        "⅓",
        "⅔",
        "⅕",
        "⅖",
        "⅗",
        "⅘",
        "⅙",
        "⅚",
        "⅛",
        "⅜",
        "⅝",
        "⅞",
        "⅟",
        "Ⅰ",
        "Ⅱ",
        "Ⅲ",
        "Ⅳ",
        "Ⅴ",
        "Ⅵ",
        "Ⅶ",
        "Ⅹ",
        "Ⅺ",
        "Ⅻ",
        "Ⅼ",
        "Ⅽ",
        "Ⅾ",
        "Ⅿ",
        "ⅰ",
        "ⅱ",
        "ⅲ",
        "ⅳ",
        "ⅴ",
        "ⅵ",
        "ⅶ",
        "ⅷ",
        "ⅸ",
        "ⅹ",
        "ⅺ",
        "ⅻ",
        "ⅼ",
        "ⅽ",
        "ⅾ",
        "ⅿ",
        "ↀ",
        "ↁ",
        "Ↄ",
        "ↄ",
        "ↅ",
        "ↆ",
        "ↇ",
        "↉",
        "↊",
        "↋",
        "ⅧⅨ"
    ],
    "Open": [
        "␣",
        "✛",
        "✫",
        "✲",
        "✼",
        "🗁"
    ],
    "Broken": [
        "¦",
        "⎋"
    ],
    "Copyright": [
        "©"
    ],
    "Registered": [
        "®"
    ],
    "Degree": [
        "°",
        "℃",
        "℉"
    ],
    "Cyrillic": [
        "҂"
    ],
    "Right-Facing": [
        "֍",
        "࿕",
        "࿗"
    ],
    "Left-Facing": [
        "֎",
        "࿖",
        "࿘"
    ],
    "Arabic": [
        "؎",
        "؏",
        "۞",
        "۩",
        "۽",
        "۾",
        "﷽"
    ],
    "Nko": [
        "߶"
    ],
    "Bengali": [
        "৺"
    ],
    "Oriya": [
        "୰"
    ],
    "Tamil": [
        "௳",
        "௴",
        "௵",
        "௶",
        "௷",
        "௸",
        "௺"
    ],
    "Telugu": [
        "౿"
    ],
    "Malayalam": [
        "൏",
        "൹"
    ],
    "Tibetan": [
        "༁",
        "༂",
        "༃",
        "༓",
        "༕",
        "༖",
        "༗",
        "༚",
        "༛",
        "༜",
        "༝",
        "༞",
        "༟",
        "༴",
        "༶",
        "༸",
        "྾",
        "྿",
        "࿀",
        "࿁",
        "࿂",
        "࿃",
        "࿄",
        "࿅",
        "࿇",
        "࿈",
        "࿉",
        "࿊",
        "࿋",
        "࿌",
        "࿎",
        "࿏"
    ],
    "Myanmar": [
        "႞",
        "႟",
        "꩷",
        "꩸",
        "꩹"
    ],
    "Ethiopic": [
        "᎐",
        "᎑",
        "᎒",
        "᎓",
        "᎔",
        "᎕",
        "᎖",
        "᎗",
        "᎘",
        "᎙"
    ],
    "Canadian": [
        "᙭"
    ],
    "Limbu": [
        "᥀"
    ],
    "New": [
        "᧞",
        "᧟"
    ],
    "Khmer": [
        "᧠",
        "᧡",
        "᧢",
        "᧣",
        "᧤",
        "᧥",
        "᧦",
        "᧧",
        "᧨",
        "᧩",
        "᧪",
        "᧫",
        "᧬",
        "᧭",
        "᧮",
        "᧯",
        "᧰",
        "᧱",
        "᧲",
        "᧳",
        "᧴",
        "᧵",
        "᧶",
        "᧷",
        "᧸",
        "᧹",
        "᧺",
        "᧻",
        "᧼",
        "᧽",
        "᧾",
        "᧿"
    ],
    "Balinese": [
        "᭡",
        "᭢",
        "᭣",
        "᭤",
        "᭥",
        "᭦",
        "᭧",
        "᭨",
        "᭩",
        "᭪",
        "᭴",
        "᭵",
        "᭶",
        "᭷",
        "᭸",
        "᭹",
        "᭺",
        "᭻",
        "᭼"
    ],
    "Account": [
        "℀"
    ],
    "Addressed": [
        "℁"
    ],
    "Centre": [
        "℄"
    ],
    "Care": [
        "℅"
    ],
    "Cada": [
        "℆"
    ],
    "Scruple": [
        "℈"
    ],
    "L": [
        "℔"
    ],
    "Numero": [
        "№"
    ],
    "Sound": [
        "℗"
    ],
    "Prescription": [
        "℞"
    ],
    "Response": [
        "℟"
    ],
    "Service": [
        "℠"
    ],
    "Telephone": [
        "℡",
        "⌕",
        "✆",
        "🕼",
        "🖀"
    ],
    "Trade": [
        "™"
    ],
    "Versicle": [
        "℣"
    ],
    "Ounce": [
        "℥"
    ],
    "Inverted": [
        "℧",
        "⛧"
    ],
    "Turned": [
        "℩",
        "↊",
        "↋",
        "⌙",
        "⛉",
        "⛊",
        "⯂",
        "🖏",
        "🙔",
        "🙕",
        "🙖",
        "🙗"
    ],
    "Estimated": [
        "℮"
    ],
    "Rotated": [
        "℺",
        "❥",
        "❧",
        "⯍",
        "⯏"
    ],
    "Facsimile": [
        "℻"
    ],
    "Property": [
        "⅊"
    ],
    "Per": [
        "⅌"
    ],
    "Aktieselskab": [
        "⅍"
    ],
    "Symbol": [
        "⅏",
        "␀",
        "␁",
        "␂",
        "␃",
        "␄",
        "␅",
        "␆",
        "␇",
        "␈",
        "␉",
        "␊",
        "␋",
        "␌",
        "␍",
        "␎",
        "␏",
        "␐",
        "␑",
        "␒",
        "␓",
        "␔",
        "␕",
        "␖",
        "␗",
        "␘",
        "␙",
        "␚",
        "␛",
        "␜",
        "␝",
        "␞",
        "␟",
        "␠",
        "␡",
        "␤",
        "␥",
        "␦",
        "⮗",
        "🕅"
    ],
    "Up": [
        "↕",
        "↨",
        "⇕",
        "⇳",
        "⌃",
        "⌤",
        "⬍",
        "⭥",
        "⮹",
        "🡙"
    ],
    "North": [
        "↖",
        "↗",
        "↸",
        "⇖",
        "⇗",
        "⇱",
        "⬀",
        "⬁",
        "⬈",
        "⬉",
        "⭦",
        "⭧",
        "⭶",
        "⭷",
        "꠶",
        "꠷",
        "꠹",
        "🙐",
        "🙒",
        "🙘",
        "🙚",
        "🙠",
        "🙢",
        "🡔",
        "🡕"
    ],
    "South": [
        "↘",
        "↙",
        "⇘",
        "⇙",
        "⇲",
        "⬂",
        "⬃",
        "⬊",
        "⬋",
        "⭨",
        "⭩",
        "⭸",
        "⭹",
        "🙑",
        "🙓",
        "🙙",
        "🙛",
        "🙡",
        "🙣",
        "🡖",
        "🡗"
    ],
    "Leftwards": [
        "↜",
        "↞",
        "↢",
        "↤",
        "↩",
        "↫",
        "↹",
        "↼",
        "↽",
        "⇆",
        "⇇",
        "⇋",
        "⇍",
        "⇐",
        "⇚",
        "⇜",
        "⇠",
        "⇤",
        "⇦",
        "⬅",
        "⬐",
        "⬑",
        "⭅",
        "⭠",
        "⭪",
        "⭰",
        "⭺",
        "⮀",
        "⮄",
        "⮈",
        "⮤",
        "⮦",
        "⯬",
        "🠀",
        "🠄",
        "🠈",
        "🠐",
        "🠔",
        "🠠",
        "🠤",
        "🠨",
        "🠬",
        "🠰",
        "🠴",
        "🠸",
        "🠼",
        "🡀",
        "🡄",
        "🡐",
        "🢐",
        "🢔",
        "🢘",
        "🢠",
        "🢢",
        "🢤",
        "🢦",
        "🢨",
        "🢪"
    ],
    "Rightwards": [
        "↝",
        "↪",
        "↬",
        "↴",
        "⇀",
        "⇁",
        "⇄",
        "⇉",
        "⇌",
        "⇛",
        "⇝",
        "⇢",
        "⇥",
        "⇨",
        "⇰",
        "⬎",
        "⬏",
        "⭆",
        "⭢",
        "⭬",
        "⭲",
        "⭼",
        "⮂",
        "⮆",
        "⮊",
        "⮕",
        "⮥",
        "⮧",
        "⯮",
        "🠂",
        "🠆",
        "🠊",
        "🠒",
        "🠖",
        "🠢",
        "🠦",
        "🠪",
        "🠮",
        "🠲",
        "🠶",
        "🠺",
        "🠾",
        "🡂",
        "🡆",
        "🡒",
        "🢒",
        "🢖",
        "🢚",
        "🢡",
        "🢣",
        "🢥",
        "🢧",
        "🢩",
        "🢫"
    ],
    "Upwards": [
        "↟",
        "↥",
        "↰",
        "↱",
        "↾",
        "↿",
        "⇅",
        "⇈",
        "⇑",
        "⇞",
        "⇡",
        "⇧",
        "⇪",
        "⇫",
        "⇬",
        "⇭",
        "⇮",
        "⇯",
        "⬆",
        "⭡",
        "⭫",
        "⭱",
        "⭻",
        "⮁",
        "⮅",
        "⮉",
        "⮢",
        "⮣",
        "⮸",
        "⯭",
        "🠁",
        "🠅",
        "🠉",
        "🠑",
        "🠕",
        "🠡",
        "🠥",
        "🠩",
        "🠭",
        "🠱",
        "🠵",
        "🠹",
        "🠽",
        "🡁",
        "🡅",
        "🡑",
        "🢑",
        "🢕",
        "🢙"
    ],
    "Downwards": [
        "↡",
        "↧",
        "↯",
        "↲",
        "↳",
        "↵",
        "⇂",
        "⇃",
        "⇊",
        "⇓",
        "⇟",
        "⇣",
        "⇩",
        "⬇",
        "⭍",
        "⭣",
        "⭭",
        "⭳",
        "⭽",
        "⮃",
        "⮇",
        "⮋",
        "⮠",
        "⮡",
        "⯯",
        "🠃",
        "🠇",
        "🠋",
        "🠓",
        "🠗",
        "🠣",
        "🠧",
        "🠫",
        "🠯",
        "🠳",
        "🠷",
        "🠻",
        "🠿",
        "🡃",
        "🡇",
        "🡓",
        "🢓",
        "🢗",
        "🢛"
    ],
    "Left": [
        "↭",
        "⎸",
        "▉",
        "▊",
        "▋",
        "▌",
        "▍",
        "▎",
        "▏",
        "◖",
        "⛜",
        "⬄",
        "⬌",
        "⭤",
        "🕻",
        "🖎",
        "🗨",
        "🗬",
        "🗮",
        "🡘"
    ],
    "Anticlockwise": [
        "↶",
        "↺",
        "⭯",
        "⮌",
        "⮍",
        "⮎",
        "⮏"
    ],
    "Clockwise": [
        "↷",
        "↻",
        "⭮",
        "🗘"
    ],
    "Diameter": [
        "⌀"
    ],
    "Electric": [
        "⌁"
    ],
    "House": [
        "⌂"
    ],
    "Down": [
        "⌄"
    ],
    "Projective": [
        "⌅"
    ],
    "Perspective": [
        "⌆"
    ],
    "Wavy": [
        "⌇"
    ],
    "Bottom": [
        "⌌",
        "⌍",
        "⌞",
        "⌟",
        "⎵",
        "⎶",
        "⯋"
    ],
    "Top": [
        "⌎",
        "⌏",
        "⌜",
        "⌝",
        "⎴",
        "⯊"
    ],
    "Reversed": [
        "⌐",
        "☙",
        "⯾",
        "🖑",
        "🖒",
        "🖓",
        "🖔"
    ],
    "Square": [
        "⌑",
        "⏍",
        "▤",
        "▥",
        "▦",
        "▧",
        "▨",
        "▩",
        "◧",
        "◨",
        "◩",
        "◪",
        "⛶",
        "⬒",
        "⬓",
        "⬔",
        "⬕",
        "⯐",
        "㋌",
        "㋍",
        "㋎",
        "㋿",
        "㌀",
        "㌁",
        "㌂",
        "㌃",
        "㌄",
        "㌅",
        "㌆",
        "㌇",
        "㌈",
        "㌉",
        "㌊",
        "㌋",
        "㌌",
        "㌍",
        "㌎",
        "㌏",
        "㌐",
        "㌑",
        "㌒",
        "㌓",
        "㌔",
        "㌕",
        "㌖",
        "㌗",
        "㌘",
        "㌙",
        "㌚",
        "㌛",
        "㌜",
        "㌝",
        "㌞",
        "㌟",
        "㌠",
        "㌡",
        "㌢",
        "㌣",
        "㌤",
        "㌥",
        "㌦",
        "㌧",
        "㌨",
        "㌩",
        "㌪",
        "㌫",
        "㌬",
        "㌭",
        "㌮",
        "㌯",
        "㌰",
        "㌱",
        "㌲",
        "㌳",
        "㌴",
        "㌵",
        "㌶",
        "㌷",
        "㌸",
        "㌹",
        "㌺",
        "㌻",
        "㌼",
        "㌽",
        "㌾",
        "㌿",
        "㍀",
        "㍁",
        "㍂",
        "㍃",
        "㍄",
        "㍅",
        "㍆",
        "㍇",
        "㍈",
        "㍉",
        "㍊",
        "㍋",
        "㍌",
        "㍍",
        "㍎",
        "㍏",
        "㍐",
        "㍑",
        "㍒",
        "㍓",
        "㍔",
        "㍕",
        "㍖",
        "㍗",
        "㍱",
        "㍲",
        "㍳",
        "㍴",
        "㍵",
        "㍶",
        "㍷",
        "㍸",
        "㍹",
        "㍺",
        "㍻",
        "㍼",
        "㍽",
        "㍾",
        "㍿",
        "㎀",
        "㎁",
        "㎂",
        "㎃",
        "㎄",
        "㎅",
        "㎆",
        "㎇",
        "㎈",
        "㎉",
        "㎊",
        "㎋",
        "㎌",
        "㎍",
        "㎎",
        "㎏",
        "㎐",
        "㎑",
        "㎒",
        "㎓",
        "㎔",
        "㎕",
        "㎖",
        "㎗",
        "㎘",
        "㎙",
        "㎚",
        "㎛",
        "㎜",
        "㎝",
        "㎞",
        "㎟",
        "㎠",
        "㎡",
        "㎢",
        "㎣",
        "㎤",
        "㎥",
        "㎦",
        "㎧",
        "㎨",
        "㎩",
        "㎪",
        "㎫",
        "㎬",
        "㎭",
        "㎮",
        "㎯",
        "㎰",
        "㎱",
        "㎲",
        "㎳",
        "㎴",
        "㎵",
        "㎶",
        "㎷",
        "㎸",
        "㎹",
        "㎺",
        "㎻",
        "㎼",
        "㎽",
        "㎾",
        "㎿",
        "㏀",
        "㏁",
        "㏂",
        "㏃",
        "㏄",
        "㏅",
        "㏆",
        "㏇",
        "㏈",
        "㏉",
        "㏊",
        "㏋",
        "㏌",
        "㏍",
        "㏎",
        "㏏",
        "㏐",
        "㏑",
        "㏒",
        "㏓",
        "㏔",
        "㏕",
        "㏖",
        "㏗",
        "㏘",
        "㏙",
        "㏚",
        "㏛",
        "㏜",
        "㏝",
        "㏞",
        "㏟",
        "㏿",
        "🆐",
        "🈀",
        "🞖"
    ],
    "Arc": [
        "⌒"
    ],
    "Segment": [
        "⌓"
    ],
    "Sector": [
        "⌔"
    ],
    "Position": [
        "⌖"
    ],
    "Viewdata": [
        "⌗"
    ],
    "Place": [
        "⌘"
    ],
    "Watch": [
        "⌚"
    ],
    "Hourglass": [
        "⌛",
        "⏳"
    ],
    "Frown": [
        "⌢"
    ],
    "Smile": [
        "⌣"
    ],
    "Option": [
        "⌥"
    ],
    "Erase": [
        "⌦",
        "⌫"
    ],
    "X": [
        "⌧"
    ],
    "Keyboard": [
        "⌨",
        "🖦"
    ],
    "Benzene": [
        "⌬",
        "⏣"
    ],
    "Cylindricity": [
        "⌭"
    ],
    "All": [
        "⌮"
    ],
    "Symmetry": [
        "⌯"
    ],
    "Total": [
        "⌰"
    ],
    "Dimension": [
        "⌱"
    ],
    "Conical": [
        "⌲"
    ],
    "Slope": [
        "⌳"
    ],
    "Counterbore": [
        "⌴"
    ],
    "Countersink": [
        "⌵"
    ],
    "APL": [
        "⌶",
        "⌷",
        "⌸",
        "⌹",
        "⌺",
        "⌻",
        "⌼",
        "⌽",
        "⌾",
        "⌿",
        "⍀",
        "⍁",
        "⍂",
        "⍃",
        "⍄",
        "⍅",
        "⍆",
        "⍇",
        "⍈",
        "⍉",
        "⍊",
        "⍋",
        "⍌",
        "⍍",
        "⍎",
        "⍏",
        "⍐",
        "⍑",
        "⍒",
        "⍓",
        "⍔",
        "⍕",
        "⍖",
        "⍗",
        "⍘",
        "⍙",
        "⍚",
        "⍛",
        "⍜",
        "⍝",
        "⍞",
        "⍟",
        "⍠",
        "⍡",
        "⍢",
        "⍣",
        "⍤",
        "⍥",
        "⍦",
        "⍧",
        "⍨",
        "⍩",
        "⍪",
        "⍫",
        "⍬",
        "⍭",
        "⍮",
        "⍯",
        "⍰",
        "⍱",
        "⍲",
        "⍳",
        "⍴",
        "⍵",
        "⍶",
        "⍷",
        "⍸",
        "⍹",
        "⍺",
        "⎕"
    ],
    "Not": [
        "⍻"
    ],
    "Shouldered": [
        "⍽"
    ],
    "Bell": [
        "⍾"
    ],
    "Vertical": [
        "⍿",
        "⏐",
        "⚨",
        "⭿"
    ],
    "Insertion": [
        "⎀"
    ],
    "Continuous": [
        "⎁"
    ],
    "Discontinuous": [
        "⎂"
    ],
    "Emphasis": [
        "⎃"
    ],
    "Composition": [
        "⎄"
    ],
    "White": [
        "⎅",
        "⏢",
        "□",
        "▢",
        "▣",
        "▫",
        "▭",
        "▯",
        "▱",
        "△",
        "▵",
        "▹",
        "▻",
        "▽",
        "▿",
        "◃",
        "◅",
        "◇",
        "◈",
        "○",
        "◦",
        "◫",
        "◬",
        "◰",
        "◱",
        "◲",
        "◳",
        "◴",
        "◵",
        "◶",
        "◷",
        "☆",
        "☏",
        "☖",
        "☜",
        "☝",
        "☞",
        "☟",
        "☹",
        "☺",
        "☼",
        "♔",
        "♕",
        "♖",
        "♗",
        "♘",
        "♙",
        "♡",
        "♢",
        "♤",
        "♧",
        "⚆",
        "⚇",
        "⚐",
        "⛀",
        "⛁",
        "⛋",
        "⛗",
        "⛙",
        "⛿",
        "✄",
        "✅",
        "✑",
        "✧",
        "❀",
        "❔",
        "❕",
        "⬜",
        "⬞",
        "⬠",
        "⬡",
        "⬦",
        "⬨",
        "⬫",
        "⬭",
        "⬯",
        "⭐",
        "⭒",
        "⭔",
        "⯎",
        "🌣",
        "🌤",
        "🌥",
        "🌦",
        "🕆",
        "🕾",
        "🖗",
        "🖫",
        "🞔",
        "🞕",
        "🞚",
        "🞛",
        "🞠",
        "🢬",
        "🢭"
    ],
    "Enter": [
        "⎆"
    ],
    "Alternative": [
        "⎇"
    ],
    "Helm": [
        "⎈"
    ],
    "Circled": [
        "⎉",
        "⎊",
        "Ⓐ",
        "Ⓑ",
        "Ⓒ",
        "Ⓓ",
        "Ⓔ",
        "Ⓕ",
        "Ⓖ",
        "Ⓗ",
        "Ⓘ",
        "Ⓙ",
        "Ⓚ",
        "Ⓛ",
        "Ⓜ",
        "Ⓝ",
        "Ⓞ",
        "Ⓟ",
        "Ⓠ",
        "Ⓡ",
        "Ⓢ",
        "Ⓣ",
        "Ⓤ",
        "Ⓥ",
        "Ⓦ",
        "Ⓧ",
        "Ⓨ",
        "Ⓩ",
        "ⓐ",
        "ⓑ",
        "ⓒ",
        "ⓓ",
        "ⓔ",
        "ⓕ",
        "ⓖ",
        "ⓗ",
        "ⓘ",
        "ⓙ",
        "ⓚ",
        "ⓛ",
        "ⓜ",
        "ⓝ",
        "ⓞ",
        "ⓟ",
        "ⓠ",
        "ⓡ",
        "ⓢ",
        "ⓣ",
        "ⓤ",
        "ⓥ",
        "ⓦ",
        "ⓧ",
        "ⓨ",
        "ⓩ",
        "⛒",
        "✪",
        "❂",
        "➲",
        "⮾",
        "⮿",
        "〶",
        "㉄",
        "㉅",
        "㉆",
        "㉇",
        "㉠",
        "㉡",
        "㉢",
        "㉣",
        "㉤",
        "㉥",
        "㉦",
        "㉧",
        "㉨",
        "㉩",
        "㉪",
        "㉫",
        "㉬",
        "㉭",
        "㉮",
        "㉯",
        "㉰",
        "㉱",
        "㉲",
        "㉳",
        "㉴",
        "㉵",
        "㉶",
        "㉷",
        "㉸",
        "㉹",
        "㉺",
        "㉻",
        "㉼",
        "㉽",
        "㉾",
        "㊊",
        "㊋",
        "㊌",
        "㊍",
        "㊎",
        "㊏",
        "㊐",
        "㊑",
        "㊒",
        "㊓",
        "㊔",
        "㊕",
        "㊖",
        "㊗",
        "㊘",
        "㊙",
        "㊚",
        "㊛",
        "㊜",
        "㊝",
        "㊞",
        "㊟",
        "㊠",
        "㊡",
        "㊢",
        "㊣",
        "㊤",
        "㊥",
        "㊦",
        "㊧",
        "㊨",
        "㊩",
        "㊪",
        "㊫",
        "㊬",
        "㊭",
        "㊮",
        "㊯",
        "㊰",
        "㋐",
        "㋑",
        "㋒",
        "㋓",
        "㋔",
        "㋕",
        "㋖",
        "㋗",
        "㋘",
        "㋙",
        "㋚",
        "㋛",
        "㋜",
        "㋝",
        "㋞",
        "㋟",
        "㋠",
        "㋡",
        "㋢",
        "㋣",
        "㋤",
        "㋥",
        "㋦",
        "㋧",
        "㋨",
        "㋩",
        "㋪",
        "㋫",
        "㋬",
        "㋭",
        "㋮",
        "㋯",
        "㋰",
        "㋱",
        "㋲",
        "㋳",
        "㋴",
        "㋵",
        "㋶",
        "㋷",
        "㋸",
        "㋹",
        "㋺",
        "㋻",
        "㋼",
        "㋽",
        "㋾",
        "🄫",
        "🄬",
        "🄭",
        "🄮",
        "🕀"
    ],
    "Undo": [
        "⎌"
    ],
    "Monostable": [
        "⎍"
    ],
    "Hysteresis": [
        "⎎"
    ],
    "Open-Circuit-Output": [
        "⎏",
        "⎐"
    ],
    "Passive-Pull-Down-Output": [
        "⎑"
    ],
    "Passive-Pull-Up-Output": [
        "⎒"
    ],
    "Direct": [
        "⎓"
    ],
    "Software-Function": [
        "⎔"
    ],
    "Decimal": [
        "⎖",
        "⏨"
    ],
    "Previous": [
        "⎗"
    ],
    "Next": [
        "⎘"
    ],
    "Print": [
        "⎙"
    ],
    "Clear": [
        "⎚"
    ],
    "Radical": [
        "⎷"
    ],
    "Right": [
        "⎹",
        "▐",
        "▕",
        "◗",
        "🕨",
        "🕩",
        "🕪",
        "🕽",
        "🗩",
        "🗭",
        "🗯"
    ],
    "Horizontal": [
        "⎺",
        "⎻",
        "⎼",
        "⎽",
        "⚩",
        "⬣",
        "⭾",
        "⯃"
    ],
    "Dentistry": [
        "⎾",
        "⎿",
        "⏀",
        "⏁",
        "⏂",
        "⏃",
        "⏄",
        "⏅",
        "⏆",
        "⏇",
        "⏈",
        "⏉",
        "⏊",
        "⏋",
        "⏌"
    ],
    "Return": [
        "⏎",
        "⮐",
        "⮑"
    ],
    "Eject": [
        "⏏"
    ],
    "Metrical": [
        "⏑",
        "⏒",
        "⏓",
        "⏔",
        "⏕",
        "⏖",
        "⏗",
        "⏘",
        "⏙"
    ],
    "Earth": [
        "⏚",
        "♁"
    ],
    "Fuse": [
        "⏛"
    ],
    "Straightness": [
        "⏤"
    ],
    "Flatness": [
        "⏥"
    ],
    "Ac": [
        "⏦"
    ],
    "Electrical": [
        "⏧"
    ],
    "Black": [
        "⏩",
        "⏪",
        "⏫",
        "⏬",
        "⏭",
        "⏮",
        "⏯",
        "⏴",
        "⏵",
        "⏶",
        "⏷",
        "⏹",
        "⏺",
        "■",
        "▪",
        "▬",
        "▮",
        "▰",
        "▲",
        "▴",
        "▶",
        "▸",
        "►",
        "▼",
        "▾",
        "◀",
        "◂",
        "◄",
        "◆",
        "●",
        "◢",
        "◣",
        "◤",
        "◥",
        "☀",
        "★",
        "☎",
        "☗",
        "☚",
        "☛",
        "☻",
        "♚",
        "♛",
        "♜",
        "♝",
        "♞",
        "♟",
        "♠",
        "♣",
        "♥",
        "♦",
        "♻",
        "⚈",
        "⚉",
        "⚑",
        "⚸",
        "⛂",
        "⛃",
        "⛇",
        "⛖",
        "⛘",
        "⛟",
        "⛨",
        "✀",
        "✂",
        "✒",
        "✦",
        "✬",
        "✿",
        "❓",
        "❖",
        "➡",
        "➤",
        "⬛",
        "⬝",
        "⬟",
        "⬢",
        "⬤",
        "⬥",
        "⬧",
        "⬩",
        "⬪",
        "⬬",
        "⬮",
        "⭑",
        "⭓",
        "⮜",
        "⮝",
        "⮞",
        "⮟",
        "⮨",
        "⮩",
        "⮪",
        "⮫",
        "⮬",
        "⮭",
        "⮮",
        "⮯",
        "⯀",
        "⯁",
        "⯄",
        "⯅",
        "⯆",
        "⯇",
        "⯈",
        "🌢",
        "🕱",
        "🕿",
        "🖈",
        "🖜",
        "🖝",
        "🖢",
        "🖣",
        "🖪",
        "🖿",
        "🞀",
        "🞁",
        "🞂",
        "🞃",
        "🞄",
        "🞌",
        "🞍",
        "🞗",
        "🞘",
        "🞙",
        "🞝",
        "🞞"
    ],
    "Alarm": [
        "⏰"
    ],
    "Stopwatch": [
        "⏱"
    ],
    "Timer": [
        "⏲"
    ],
    "Double": [
        "⏸",
        "➿"
    ],
    "Observer": [
        "⏿"
    ],
    "Blank": [
        "␢"
    ],
    "OCR": [
        "⑀",
        "⑁",
        "⑂",
        "⑃",
        "⑄",
        "⑅",
        "⑆",
        "⑇",
        "⑈",
        "⑉",
        "⑊"
    ],
    "Parenthesized": [
        "⒜",
        "⒝",
        "⒞",
        "⒟",
        "⒠",
        "⒡",
        "⒢",
        "⒣",
        "⒤",
        "⒥",
        "⒦",
        "⒧",
        "⒨",
        "⒩",
        "⒪",
        "⒫",
        "⒬",
        "⒭",
        "⒮",
        "⒯",
        "⒰",
        "⒱",
        "⒲",
        "⒳",
        "⒴",
        "⒵",
        "㈀",
        "㈁",
        "㈂",
        "㈃",
        "㈄",
        "㈅",
        "㈆",
        "㈇",
        "㈈",
        "㈉",
        "㈊",
        "㈋",
        "㈌",
        "㈍",
        "㈎",
        "㈏",
        "㈐",
        "㈑",
        "㈒",
        "㈓",
        "㈔",
        "㈕",
        "㈖",
        "㈗",
        "㈘",
        "㈙",
        "㈚",
        "㈛",
        "㈜",
        "㈝",
        "㈞",
        "㈪",
        "㈫",
        "㈬",
        "㈭",
        "㈮",
        "㈯",
        "㈰",
        "㈱",
        "㈲",
        "㈳",
        "㈴",
        "㈵",
        "㈶",
        "㈷",
        "㈸",
        "㈹",
        "㈺",
        "㈻",
        "㈼",
        "㈽",
        "㈾",
        "㈿",
        "㉀",
        "㉁",
        "㉂",
        "㉃",
        "🄐",
        "🄑",
        "🄒",
        "🄓",
        "🄔",
        "🄕",
        "🄖",
        "🄗",
        "🄘",
        "🄙",
        "🄚",
        "🄛",
        "🄜",
        "🄝",
        "🄞",
        "🄟",
        "🄠",
        "🄡",
        "🄢",
        "🄣",
        "🄤",
        "🄥",
        "🄦",
        "🄧",
        "🄨",
        "🄩"
    ],
    "Box": [
        "─",
        "━",
        "│",
        "┃",
        "┄",
        "┅",
        "┆",
        "┇",
        "┈",
        "┉",
        "┊",
        "┋",
        "┌",
        "┍",
        "┎",
        "┏",
        "┐",
        "┑",
        "┒",
        "┓",
        "└",
        "┕",
        "┖",
        "┗",
        "┘",
        "┙",
        "┚",
        "┛",
        "├",
        "┝",
        "┞",
        "┟",
        "┠",
        "┡",
        "┢",
        "┣",
        "┤",
        "┥",
        "┦",
        "┧",
        "┨",
        "┩",
        "┪",
        "┫",
        "┬",
        "┭",
        "┮",
        "┯",
        "┰",
        "┱",
        "┲",
        "┳",
        "┴",
        "┵",
        "┶",
        "┷",
        "┸",
        "┹",
        "┺",
        "┻",
        "┼",
        "┽",
        "┾",
        "┿",
        "╀",
        "╁",
        "╂",
        "╃",
        "╄",
        "╅",
        "╆",
        "╇",
        "╈",
        "╉",
        "╊",
        "╋",
        "╌",
        "╍",
        "╎",
        "╏",
        "═",
        "║",
        "╒",
        "╓",
        "╔",
        "╕",
        "╖",
        "╗",
        "╘",
        "╙",
        "╚",
        "╛",
        "╜",
        "╝",
        "╞",
        "╟",
        "╠",
        "╡",
        "╢",
        "╣",
        "╤",
        "╥",
        "╦",
        "╧",
        "╨",
        "╩",
        "╪",
        "╫",
        "╬",
        "╭",
        "╮",
        "╯",
        "╰",
        "╱",
        "╲",
        "╳",
        "╴",
        "╵",
        "╶",
        "╷",
        "╸",
        "╹",
        "╺",
        "╻",
        "╼",
        "╽",
        "╾",
        "╿"
    ],
    "Upper": [
        "▀",
        "▔",
        "◚",
        "◜",
        "◝",
        "◠",
        "✁",
        "✐",
        "❐",
        "❒",
        "🔿"
    ],
    "Lower": [
        "▁",
        "▂",
        "▃",
        "▄",
        "▅",
        "▆",
        "▇",
        "◛",
        "◞",
        "◟",
        "◡",
        "✃",
        "✎",
        "❏",
        "❑",
        "🔾",
        "🖉",
        "🖊",
        "🖋",
        "🖌",
        "🖍"
    ],
    "Full": [
        "█"
    ],
    "Light": [
        "░",
        "❘",
        "⯌",
        "🗸",
        "🞢",
        "🞩",
        "🞯",
        "🞵",
        "🞻",
        "🟀",
        "🟄",
        "🟉",
        "🟒"
    ],
    "Medium": [
        "▒",
        "⚪",
        "⚫",
        "⚬",
        "❙",
        "🞅",
        "🞣",
        "🞪",
        "🞰",
        "🞶",
        "🞼",
        "🟃",
        "🟇",
        "🟎"
    ],
    "Dark": [
        "▓",
        "🕶"
    ],
    "Quadrant": [
        "▖",
        "▗",
        "▘",
        "▙",
        "▚",
        "▛",
        "▜",
        "▝",
        "▞",
        "▟"
    ],
    "Fisheye": [
        "◉"
    ],
    "Lozenge": [
        "◊"
    ],
    "Dotted": [
        "◌",
        "⬚"
    ],
    "Circle": [
        "◍",
        "◐",
        "◑",
        "◒",
        "◓",
        "◔",
        "◕"
    ],
    "Bullseye": [
        "◎"
    ],
    "Inverse": [
        "◘",
        "◙"
    ],
    "Up-Pointing": [
        "◭",
        "◮"
    ],
    "Large": [
        "◯"
    ],
    "Cloud": [
        "☁",
        "🌧",
        "🌨",
        "🌩",
        "🌪"
    ],
    "Umbrella": [
        "☂",
        "☔",
        "⛱"
    ],
    "Snowman": [
        "☃",
        "⛄"
    ],
    "Comet": [
        "☄"
    ],
    "Lightning": [
        "☇",
        "🗱",
        "🗲"
    ],
    "Thunderstorm": [
        "☈"
    ],
    "Sun": [
        "☉",
        "⛅"
    ],
    "Ascending": [
        "☊"
    ],
    "Descending": [
        "☋"
    ],
    "Conjunction": [
        "☌"
    ],
    "Opposition": [
        "☍"
    ],
    "Ballot": [
        "☐",
        "☑",
        "☒",
        "✗",
        "⮽",
        "🗳",
        "🗴",
        "🗵",
        "🗶",
        "🗷",
        "🗹"
    ],
    "Saltire": [
        "☓"
    ],
    "Hot": [
        "☕",
        "♨"
    ],
    "Shamrock": [
        "☘"
    ],
    "Skull": [
        "☠"
    ],
    "Caution": [
        "☡"
    ],
    "Radioactive": [
        "☢"
    ],
    "Biohazard": [
        "☣"
    ],
    "Caduceus": [
        "☤"
    ],
    "Ankh": [
        "☥"
    ],
    "Orthodox": [
        "☦"
    ],
    "Chi": [
        "☧"
    ],
    "Cross": [
        "☨",
        "☩",
        "❌",
        "⹐",
        "⹑",
        "🕁",
        "🕂"
    ],
    "Star": [
        "☪",
        "✡"
    ],
    "Farsi": [
        "☫"
    ],
    "Adi": [
        "☬"
    ],
    "Hammer": [
        "☭",
        "⚒"
    ],
    "Peace": [
        "☮"
    ],
    "Yin": [
        "☯"
    ],
    "Trigram": [
        "☰",
        "☱",
        "☲",
        "☳",
        "☴",
        "☵",
        "☶",
        "☷"
    ],
    "Wheel": [
        "☸"
    ],
    "First": [
        "☽"
    ],
    "Last": [
        "☾"
    ],
    "Mercury": [
        "☿"
    ],
    "Female": [
        "♀"
    ],
    "Male": [
        "♂",
        "⚥",
        "⚦",
        "⚧"
    ],
    "Jupiter": [
        "♃"
    ],
    "Saturn": [
        "♄"
    ],
    "Uranus": [
        "♅"
    ],
    "Neptune": [
        "♆",
        "⯉"
    ],
    "Pluto": [
        "♇"
    ],
    "Aries": [
        "♈"
    ],
    "Taurus": [
        "♉"
    ],
    "Gemini": [
        "♊"
    ],
    "Cancer": [
        "♋"
    ],
    "Leo": [
        "♌"
    ],
    "Virgo": [
        "♍"
    ],
    "Libra": [
        "♎"
    ],
    "Scorpius": [
        "♏"
    ],
    "Sagittarius": [
        "♐"
    ],
    "Capricorn": [
        "♑"
    ],
    "Aquarius": [
        "♒"
    ],
    "Pisces": [
        "♓"
    ],
    "Quarter": [
        "♩"
    ],
    "Eighth": [
        "♪"
    ],
    "Beamed": [
        "♫",
        "♬"
    ],
    "Music": [
        "♭",
        "♮"
    ],
    "West": [
        "♰"
    ],
    "East": [
        "♱"
    ],
    "Universal": [
        "♲"
    ],
    "Recycling": [
        "♳",
        "♴",
        "♵",
        "♶",
        "♷",
        "♸",
        "♹",
        "♺"
    ],
    "Recycled": [
        "♼"
    ],
    "Partially-Recycled": [
        "♽"
    ],
    "Permanent": [
        "♾"
    ],
    "Wheelchair": [
        "♿"
    ],
    "Die": [
        "⚀",
        "⚁",
        "⚂",
        "⚃",
        "⚄",
        "⚅"
    ],
    "Monogram": [
        "⚊",
        "⚋",
        "𝌀"
    ],
    "Digram": [
        "⚌",
        "⚍",
        "⚎",
        "⚏",
        "𝌁",
        "𝌂",
        "𝌃",
        "𝌄",
        "𝌅"
    ],
    "Anchor": [
        "⚓"
    ],
    "Crossed": [
        "⚔",
        "🆊"
    ],
    "Staff": [
        "⚕",
        "⚚"
    ],
    "Scales": [
        "⚖"
    ],
    "Alembic": [
        "⚗"
    ],
    "Flower": [
        "⚘"
    ],
    "Gear": [
        "⚙",
        "⛭",
        "⛮"
    ],
    "Atom": [
        "⚛"
    ],
    "Fleur-De-Lis": [
        "⚜"
    ],
    "Outlined": [
        "⚝",
        "✙",
        "✟",
        "✭"
    ],
    "Three": [
        "⚞",
        "⚟",
        "🖧",
        "🖱",
        "🗤",
        "🗥",
        "🗦",
        "🗧",
        "🗫",
        "🟂"
    ],
    "Warning": [
        "⚠"
    ],
    "High": [
        "⚡"
    ],
    "Doubled": [
        "⚢",
        "⚣",
        "⯼"
    ],
    "Interlocked": [
        "⚤"
    ],
    "Marriage": [
        "⚭"
    ],
    "Divorce": [
        "⚮"
    ],
    "Unmarried": [
        "⚯"
    ],
    "Coffin": [
        "⚰"
    ],
    "Funeral": [
        "⚱"
    ],
    "Neuter": [
        "⚲"
    ],
    "Ceres": [
        "⚳"
    ],
    "Pallas": [
        "⚴"
    ],
    "Juno": [
        "⚵"
    ],
    "Vesta": [
        "⚶"
    ],
    "Chiron": [
        "⚷"
    ],
    "Sextile": [
        "⚹"
    ],
    "Semisextile": [
        "⚺"
    ],
    "Quincunx": [
        "⚻"
    ],
    "Sesquiquadrate": [
        "⚼"
    ],
    "Soccer": [
        "⚽"
    ],
    "Baseball": [
        "⚾"
    ],
    "Squared": [
        "⚿",
        "⛝",
        "🄰",
        "🄱",
        "🄲",
        "🄳",
        "🄴",
        "🄵",
        "🄶",
        "🄷",
        "🄸",
        "🄹",
        "🄺",
        "🄻",
        "🄼",
        "🄽",
        "🄾",
        "🄿",
        "🅀",
        "🅁",
        "🅂",
        "🅃",
        "🅄",
        "🅅",
        "🅆",
        "🅇",
        "🅈",
        "🅉",
        "🅊",
        "🅋",
        "🅌",
        "🅍",
        "🅎",
        "🅏",
        "🆑",
        "🆒",
        "🆓",
        "🆔",
        "🆕",
        "🆖",
        "🆗",
        "🆘",
        "🆙",
        "🆚",
        "🈁",
        "🈂",
        "🈐",
        "🈑",
        "🈒",
        "🈓",
        "🈔",
        "🈕",
        "🈖",
        "🈗",
        "🈘",
        "🈙",
        "🈚",
        "🈛",
        "🈜",
        "🈝",
        "🈞",
        "🈟",
        "🈠",
        "🈡",
        "🈢",
        "🈣",
        "🈤",
        "🈥",
        "🈦",
        "🈧",
        "🈨",
        "🈩",
        "🈪",
        "🈫",
        "🈬",
        "🈭",
        "🈮",
        "🈯",
        "🈰",
        "🈱",
        "🈲",
        "🈳",
        "🈴",
        "🈵",
        "🈶",
        "🈷",
        "🈸",
        "🈹",
        "🈺"
    ],
    "Rain": [
        "⛆"
    ],
    "Thunder": [
        "⛈"
    ],
    "Crossing": [
        "⛌"
    ],
    "Disabled": [
        "⛍"
    ],
    "Ophiuchus": [
        "⛎"
    ],
    "Pick": [
        "⛏"
    ],
    "Car": [
        "⛐"
    ],
    "Helmet": [
        "⛑"
    ],
    "Chains": [
        "⛓"
    ],
    "No": [
        "⛔",
        "🕲"
    ],
    "Alternate": [
        "⛕"
    ],
    "Drive": [
        "⛚"
    ],
    "Heavy": [
        "⛛",
        "⛣",
        "✔",
        "✖",
        "✘",
        "✚",
        "✜",
        "✤",
        "✮",
        "✱",
        "✸",
        "✽",
        "❃",
        "❆",
        "❈",
        "❋",
        "❗",
        "❚",
        "❛",
        "❜",
        "❝",
        "❞",
        "❟",
        "❠",
        "❢",
        "❣",
        "❤",
        "➔",
        "➕",
        "➖",
        "➗",
        "➘",
        "➙",
        "➚",
        "➜",
        "➞",
        "➠",
        "➥",
        "➦",
        "➨",
        "➭",
        "➮",
        "➷",
        "➸",
        "➹",
        "➻",
        "➽",
        "⭕",
        "⭖",
        "⭗",
        "⭘",
        "⭙",
        "🕇",
        "🙜",
        "🙝",
        "🙞",
        "🙟",
        "🙤",
        "🙥",
        "🙦",
        "🙧",
        "🙱",
        "🙳",
        "🙴",
        "🙹",
        "🙻",
        "🞇",
        "🞑",
        "🞬",
        "🞲",
        "🞸",
        "🞾",
        "🟊",
        "🟌",
        "🟔",
        "🠘",
        "🠙",
        "🠚",
        "🠛",
        "🠜",
        "🠝",
        "🠞",
        "🠟",
        "🢜",
        "🢝",
        "🢞",
        "🢟"
    ],
    "Falling": [
        "⛞"
    ],
    "Restricted": [
        "⛠",
        "⛡"
    ],
    "Astronomical": [
        "⛢"
    ],
    "Pentagram": [
        "⛤"
    ],
    "Right-Handed": [
        "⛥"
    ],
    "Left-Handed": [
        "⛦"
    ],
    "Shinto": [
        "⛩"
    ],
    "Church": [
        "⛪"
    ],
    "Castle": [
        "⛫"
    ],
    "Historic": [
        "⛬"
    ],
    "Map": [
        "⛯"
    ],
    "Mountain": [
        "⛰"
    ],
    "Fountain": [
        "⛲"
    ],
    "Flag": [
        "⛳"
    ],
    "Ferry": [
        "⛴"
    ],
    "Sailboat": [
        "⛵"
    ],
    "Skier": [
        "⛷"
    ],
    "Ice": [
        "⛸"
    ],
    "Person": [
        "⛹"
    ],
    "Tent": [
        "⛺"
    ],
    "Japanese": [
        "⛻",
        "〄"
    ],
    "Headstone": [
        "⛼"
    ],
    "Fuel": [
        "⛽"
    ],
    "Cup": [
        "⛾"
    ],
    "Tape": [
        "✇",
        "🖭"
    ],
    "Airplane": [
        "✈"
    ],
    "Envelope": [
        "✉",
        "🖄"
    ],
    "Raised": [
        "✊",
        "✋"
    ],
    "Victory": [
        "✌"
    ],
    "Writing": [
        "✍"
    ],
    "Pencil": [
        "✏"
    ],
    "Check": [
        "✓"
    ],
    "Multiplication": [
        "✕"
    ],
    "Latin": [
        "✝"
    ],
    "Shadowed": [
        "✞",
        "✰",
        "❍"
    ],
    "Maltese": [
        "✠"
    ],
    "Four": [
        "✢",
        "✣",
        "✥",
        "⮔",
        "🟆"
    ],
    "Sparkles": [
        "✨"
    ],
    "Stress": [
        "✩"
    ],
    "Pinwheel": [
        "✯"
    ],
    "Eight": [
        "✳",
        "✴",
        "✵",
        "✷",
        "❁",
        "❊"
    ],
    "Six": [
        "✶",
        "✾",
        "🟍"
    ],
    "Twelve": [
        "✹"
    ],
    "Sixteen": [
        "✺"
    ],
    "Teardrop-Spoked": [
        "✻"
    ],
    "Snowflake": [
        "❄"
    ],
    "Tight": [
        "❅"
    ],
    "Sparkle": [
        "❇"
    ],
    "Balloon-Spoked": [
        "❉"
    ],
    "Negative": [
        "❎",
        "🅐",
        "🅑",
        "🅒",
        "🅓",
        "🅔",
        "🅕",
        "🅖",
        "🅗",
        "🅘",
        "🅙",
        "🅚",
        "🅛",
        "🅜",
        "🅝",
        "🅞",
        "🅟",
        "🅠",
        "🅡",
        "🅢",
        "🅣",
        "🅤",
        "🅥",
        "🅦",
        "🅧",
        "🅨",
        "🅩",
        "🅰",
        "🅱",
        "🅲",
        "🅳",
        "🅴",
        "🅵",
        "🅶",
        "🅷",
        "🅸",
        "🅹",
        "🅺",
        "🅻",
        "🅼",
        "🅽",
        "🅾",
        "🅿",
        "🆀",
        "🆁",
        "🆂",
        "🆃",
        "🆄",
        "🆅",
        "🆆",
        "🆇",
        "🆈",
        "🆉",
        "🆋",
        "🆌",
        "🆍",
        "🆎",
        "🆏"
    ],
    "Curved": [
        "❡"
    ],
    "Floral": [
        "❦"
    ],
    "Drafting": [
        "➛"
    ],
    "Triangle-Headed": [
        "➝"
    ],
    "Dashed": [
        "➟"
    ],
    "Three-D": [
        "➢",
        "➣",
        "⮘",
        "⮙",
        "⮚",
        "⮛"
    ],
    "Squat": [
        "➧"
    ],
    "Right-Shaded": [
        "➩"
    ],
    "Left-Shaded": [
        "➪"
    ],
    "Back-Tilted": [
        "➫"
    ],
    "Front-Tilted": [
        "➬"
    ],
    "Notched": [
        "➯",
        "➱",
        "🕃",
        "🕄"
    ],
    "Curly": [
        "➰"
    ],
    "White-Feathered": [
        "➳"
    ],
    "Black-Feathered": [
        "➴",
        "➵",
        "➶"
    ],
    "Teardrop-Barbed": [
        "➺"
    ],
    "Wedge-Tailed": [
        "➼"
    ],
    "Open-Outlined": [
        "➾"
    ],
    "Braille": [
        "⠀",
        "⠁",
        "⠂",
        "⠃",
        "⠄",
        "⠅",
        "⠆",
        "⠇",
        "⠈",
        "⠉",
        "⠊",
        "⠋",
        "⠌",
        "⠍",
        "⠎",
        "⠏",
        "⠐",
        "⠑",
        "⠒",
        "⠓",
        "⠔",
        "⠕",
        "⠖",
        "⠗",
        "⠘",
        "⠙",
        "⠚",
        "⠛",
        "⠜",
        "⠝",
        "⠞",
        "⠟",
        "⠠",
        "⠡",
        "⠢",
        "⠣",
        "⠤",
        "⠥",
        "⠦",
        "⠧",
        "⠨",
        "⠩",
        "⠪",
        "⠫",
        "⠬",
        "⠭",
        "⠮",
        "⠯",
        "⠰",
        "⠱",
        "⠲",
        "⠳",
        "⠴",
        "⠵",
        "⠶",
        "⠷",
        "⠸",
        "⠹",
        "⠺",
        "⠻",
        "⠼",
        "⠽",
        "⠾",
        "⠿",
        "⡀",
        "⡁",
        "⡂",
        "⡃",
        "⡄",
        "⡅",
        "⡆",
        "⡇",
        "⡈",
        "⡉",
        "⡊",
        "⡋",
        "⡌",
        "⡍",
        "⡎",
        "⡏",
        "⡐",
        "⡑",
        "⡒",
        "⡓",
        "⡔",
        "⡕",
        "⡖",
        "⡗",
        "⡘",
        "⡙",
        "⡚",
        "⡛",
        "⡜",
        "⡝",
        "⡞",
        "⡟",
        "⡠",
        "⡡",
        "⡢",
        "⡣",
        "⡤",
        "⡥",
        "⡦",
        "⡧",
        "⡨",
        "⡩",
        "⡪",
        "⡫",
        "⡬",
        "⡭",
        "⡮",
        "⡯",
        "⡰",
        "⡱",
        "⡲",
        "⡳",
        "⡴",
        "⡵",
        "⡶",
        "⡷",
        "⡸",
        "⡹",
        "⡺",
        "⡻",
        "⡼",
        "⡽",
        "⡾",
        "⡿",
        "⢀",
        "⢁",
        "⢂",
        "⢃",
        "⢄",
        "⢅",
        "⢆",
        "⢇",
        "⢈",
        "⢉",
        "⢊",
        "⢋",
        "⢌",
        "⢍",
        "⢎",
        "⢏",
        "⢐",
        "⢑",
        "⢒",
        "⢓",
        "⢔",
        "⢕",
        "⢖",
        "⢗",
        "⢘",
        "⢙",
        "⢚",
        "⢛",
        "⢜",
        "⢝",
        "⢞",
        "⢟",
        "⢠",
        "⢡",
        "⢢",
        "⢣",
        "⢤",
        "⢥",
        "⢦",
        "⢧",
        "⢨",
        "⢩",
        "⢪",
        "⢫",
        "⢬",
        "⢭",
        "⢮",
        "⢯",
        "⢰",
        "⢱",
        "⢲",
        "⢳",
        "⢴",
        "⢵",
        "⢶",
        "⢷",
        "⢸",
        "⢹",
        "⢺",
        "⢻",
        "⢼",
        "⢽",
        "⢾",
        "⢿",
        "⣀",
        "⣁",
        "⣂",
        "⣃",
        "⣄",
        "⣅",
        "⣆",
        "⣇",
        "⣈",
        "⣉",
        "⣊",
        "⣋",
        "⣌",
        "⣍",
        "⣎",
        "⣏",
        "⣐",
        "⣑",
        "⣒",
        "⣓",
        "⣔",
        "⣕",
        "⣖",
        "⣗",
        "⣘",
        "⣙",
        "⣚",
        "⣛",
        "⣜",
        "⣝",
        "⣞",
        "⣟",
        "⣠",
        "⣡",
        "⣢",
        "⣣",
        "⣤",
        "⣥",
        "⣦",
        "⣧",
        "⣨",
        "⣩",
        "⣪",
        "⣫",
        "⣬",
        "⣭",
        "⣮",
        "⣯",
        "⣰",
        "⣱",
        "⣲",
        "⣳",
        "⣴",
        "⣵",
        "⣶",
        "⣷",
        "⣸",
        "⣹",
        "⣺",
        "⣻",
        "⣼",
        "⣽",
        "⣾",
        "⣿"
    ],
    "Diamond": [
        "⬖",
        "⬗",
        "⬘",
        "⬙",
        "🞜"
    ],
    "Short": [
        "⭎",
        "⭏",
        "⭟"
    ],
    "Slanted": [
        "⭚",
        "⭜"
    ],
    "Backslanted": [
        "⭛",
        "⭝"
    ],
    "Bent": [
        "⭞"
    ],
    "Newline": [
        "⮒",
        "⮓"
    ],
    "Ribbon": [
        "⮰",
        "⮱",
        "⮲",
        "⮳",
        "⮴",
        "⮵",
        "⮶",
        "⮷"
    ],
    "Overlapping": [
        "⮺",
        "⮻",
        "⮼"
    ],
    "Uncertainty": [
        "⯑"
    ],
    "Eris": [
        "⯰",
        "⯱"
    ],
    "Sedna": [
        "⯲"
    ],
    "Russian": [
        "⯳",
        "⯴",
        "⯵",
        "⯶",
        "⯷",
        "⯸"
    ],
    "Equals": [
        "⯹"
    ],
    "United": [
        "⯺"
    ],
    "Separated": [
        "⯻"
    ],
    "Passed": [
        "⯽"
    ],
    "Hellschreiber": [
        "⯿"
    ],
    "Coptic": [
        "⳥",
        "⳦",
        "⳧",
        "⳨",
        "⳩",
        "⳪"
    ],
    "CJK": [
        "⺀",
        "⺁",
        "⺂",
        "⺃",
        "⺄",
        "⺅",
        "⺆",
        "⺇",
        "⺈",
        "⺉",
        "⺊",
        "⺋",
        "⺌",
        "⺍",
        "⺎",
        "⺏",
        "⺐",
        "⺑",
        "⺒",
        "⺓",
        "⺔",
        "⺕",
        "⺖",
        "⺗",
        "⺘",
        "⺙",
        "⺛",
        "⺜",
        "⺝",
        "⺞",
        "⺟",
        "⺠",
        "⺡",
        "⺢",
        "⺣",
        "⺤",
        "⺥",
        "⺦",
        "⺧",
        "⺨",
        "⺩",
        "⺪",
        "⺫",
        "⺬",
        "⺭",
        "⺮",
        "⺯",
        "⺰",
        "⺱",
        "⺲",
        "⺳",
        "⺴",
        "⺵",
        "⺶",
        "⺷",
        "⺸",
        "⺹",
        "⺺",
        "⺻",
        "⺼",
        "⺽",
        "⺾",
        "⺿",
        "⻀",
        "⻁",
        "⻂",
        "⻃",
        "⻄",
        "⻅",
        "⻆",
        "⻇",
        "⻈",
        "⻉",
        "⻊",
        "⻋",
        "⻌",
        "⻍",
        "⻎",
        "⻏",
        "⻐",
        "⻑",
        "⻒",
        "⻓",
        "⻔",
        "⻕",
        "⻖",
        "⻗",
        "⻘",
        "⻙",
        "⻚",
        "⻛",
        "⻜",
        "⻝",
        "⻞",
        "⻟",
        "⻠",
        "⻡",
        "⻢",
        "⻣",
        "⻤",
        "⻥",
        "⻦",
        "⻧",
        "⻨",
        "⻩",
        "⻪",
        "⻫",
        "⻬",
        "⻭",
        "⻮",
        "⻯",
        "⻰",
        "⻱",
        "⻲",
        "⻳",
        "㇀",
        "㇁",
        "㇂",
        "㇃",
        "㇄",
        "㇅",
        "㇆",
        "㇇",
        "㇈",
        "㇉",
        "㇊",
        "㇋",
        "㇌",
        "㇍",
        "㇎",
        "㇏",
        "㇐",
        "㇑",
        "㇒",
        "㇓",
        "㇔",
        "㇕",
        "㇖",
        "㇗",
        "㇘",
        "㇙",
        "㇚",
        "㇛",
        "㇜",
        "㇝",
        "㇞",
        "㇟",
        "㇠",
        "㇡",
        "㇢",
        "㇣"
    ],
    "Kangxi": [
        "⼀",
        "⼁",
        "⼂",
        "⼃",
        "⼄",
        "⼅",
        "⼆",
        "⼇",
        "⼈",
        "⼉",
        "⼊",
        "⼋",
        "⼌",
        "⼍",
        "⼎",
        "⼏",
        "⼐",
        "⼑",
        "⼒",
        "⼓",
        "⼔",
        "⼕",
        "⼖",
        "⼗",
        "⼘",
        "⼙",
        "⼚",
        "⼛",
        "⼜",
        "⼝",
        "⼞",
        "⼟",
        "⼠",
        "⼡",
        "⼢",
        "⼣",
        "⼤",
        "⼥",
        "⼦",
        "⼧",
        "⼨",
        "⼩",
        "⼪",
        "⼫",
        "⼬",
        "⼭",
        "⼮",
        "⼯",
        "⼰",
        "⼱",
        "⼲",
        "⼳",
        "⼴",
        "⼵",
        "⼶",
        "⼷",
        "⼸",
        "⼹",
        "⼺",
        "⼻",
        "⼼",
        "⼽",
        "⼾",
        "⼿",
        "⽀",
        "⽁",
        "⽂",
        "⽃",
        "⽄",
        "⽅",
        "⽆",
        "⽇",
        "⽈",
        "⽉",
        "⽊",
        "⽋",
        "⽌",
        "⽍",
        "⽎",
        "⽏",
        "⽐",
        "⽑",
        "⽒",
        "⽓",
        "⽔",
        "⽕",
        "⽖",
        "⽗",
        "⽘",
        "⽙",
        "⽚",
        "⽛",
        "⽜",
        "⽝",
        "⽞",
        "⽟",
        "⽠",
        "⽡",
        "⽢",
        "⽣",
        "⽤",
        "⽥",
        "⽦",
        "⽧",
        "⽨",
        "⽩",
        "⽪",
        "⽫",
        "⽬",
        "⽭",
        "⽮",
        "⽯",
        "⽰",
        "⽱",
        "⽲",
        "⽳",
        "⽴",
        "⽵",
        "⽶",
        "⽷",
        "⽸",
        "⽹",
        "⽺",
        "⽻",
        "⽼",
        "⽽",
        "⽾",
        "⽿",
        "⾀",
        "⾁",
        "⾂",
        "⾃",
        "⾄",
        "⾅",
        "⾆",
        "⾇",
        "⾈",
        "⾉",
        "⾊",
        "⾋",
        "⾌",
        "⾍",
        "⾎",
        "⾏",
        "⾐",
        "⾑",
        "⾒",
        "⾓",
        "⾔",
        "⾕",
        "⾖",
        "⾗",
        "⾘",
        "⾙",
        "⾚",
        "⾛",
        "⾜",
        "⾝",
        "⾞",
        "⾟",
        "⾠",
        "⾡",
        "⾢",
        "⾣",
        "⾤",
        "⾥",
        "⾦",
        "⾧",
        "⾨",
        "⾩",
        "⾪",
        "⾫",
        "⾬",
        "⾭",
        "⾮",
        "⾯",
        "⾰",
        "⾱",
        "⾲",
        "⾳",
        "⾴",
        "⾵",
        "⾶",
        "⾷",
        "⾸",
        "⾹",
        "⾺",
        "⾻",
        "⾼",
        "⾽",
        "⾾",
        "⾿",
        "⿀",
        "⿁",
        "⿂",
        "⿃",
        "⿄",
        "⿅",
        "⿆",
        "⿇",
        "⿈",
        "⿉",
        "⿊",
        "⿋",
        "⿌",
        "⿍",
        "⿎",
        "⿏",
        "⿐",
        "⿑",
        "⿒",
        "⿓",
        "⿔",
        "⿕"
    ],
    "Ideographic": [
        "⿰",
        "⿱",
        "⿲",
        "⿳",
        "⿴",
        "⿵",
        "⿶",
        "⿷",
        "⿸",
        "⿹",
        "⿺",
        "⿻",
        "〷",
        "〾",
        "〿",
        "㆐",
        "㆑",
        "㆖",
        "㆗",
        "㆘",
        "㆙",
        "㆚",
        "㆛",
        "㆜",
        "㆝",
        "㆞",
        "㆟",
        "㋀",
        "㋁",
        "㋂",
        "㋃",
        "㋄",
        "㋅",
        "㋆",
        "㋇",
        "㋈",
        "㋉",
        "㋊",
        "㋋",
        "㍘",
        "㍙",
        "㍚",
        "㍛",
        "㍜",
        "㍝",
        "㍞",
        "㍟",
        "㍠",
        "㍡",
        "㍢",
        "㍣",
        "㍤",
        "㍥",
        "㍦",
        "㍧",
        "㍨",
        "㍩",
        "㍪",
        "㍫",
        "㍬",
        "㍭",
        "㍮",
        "㍯",
        "㍰",
        "㏠",
        "㏡",
        "㏢",
        "㏣",
        "㏤",
        "㏥",
        "㏦",
        "㏧",
        "㏨",
        "㏩",
        "㏪",
        "㏫",
        "㏬",
        "㏭",
        "㏮",
        "㏯",
        "㏰",
        "㏱",
        "㏲",
        "㏳",
        "㏴",
        "㏵",
        "㏶",
        "㏷",
        "㏸",
        "㏹",
        "㏺",
        "㏻",
        "㏼",
        "㏽",
        "㏾"
    ],
    "Postal": [
        "〒",
        "〠"
    ],
    "Geta": [
        "〓"
    ],
    "Partnership": [
        "㉐"
    ],
    "Korean": [
        "㉿"
    ],
    "Limited": [
        "㋏"
    ],
    "Hexagram": [
        "䷀",
        "䷁",
        "䷂",
        "䷃",
        "䷄",
        "䷅",
        "䷆",
        "䷇",
        "䷈",
        "䷉",
        "䷊",
        "䷋",
        "䷌",
        "䷍",
        "䷎",
        "䷏",
        "䷐",
        "䷑",
        "䷒",
        "䷓",
        "䷔",
        "䷕",
        "䷖",
        "䷗",
        "䷘",
        "䷙",
        "䷚",
        "䷛",
        "䷜",
        "䷝",
        "䷞",
        "䷟",
        "䷠",
        "䷡",
        "䷢",
        "䷣",
        "䷤",
        "䷥",
        "䷦",
        "䷧",
        "䷨",
        "䷩",
        "䷪",
        "䷫",
        "䷬",
        "䷭",
        "䷮",
        "䷯",
        "䷰",
        "䷱",
        "䷲",
        "䷳",
        "䷴",
        "䷵",
        "䷶",
        "䷷",
        "䷸",
        "䷹",
        "䷺",
        "䷻",
        "䷼",
        "䷽",
        "䷾",
        "䷿"
    ],
    "Yi": [
        "꒐",
        "꒑",
        "꒒",
        "꒓",
        "꒔",
        "꒕",
        "꒖",
        "꒗",
        "꒘",
        "꒙",
        "꒚",
        "꒛",
        "꒜",
        "꒝",
        "꒞",
        "꒟",
        "꒠",
        "꒡",
        "꒢",
        "꒣",
        "꒤",
        "꒥",
        "꒦",
        "꒧",
        "꒨",
        "꒩",
        "꒪",
        "꒫",
        "꒬",
        "꒭",
        "꒮",
        "꒯",
        "꒰",
        "꒱",
        "꒲",
        "꒳",
        "꒴",
        "꒵",
        "꒶",
        "꒷",
        "꒸",
        "꒹",
        "꒺",
        "꒻",
        "꒼",
        "꒽",
        "꒾",
        "꒿",
        "꓀",
        "꓁",
        "꓂",
        "꓃",
        "꓄",
        "꓅",
        "꓆"
    ],
    "Syloti": [
        "꠨",
        "꠩",
        "꠪",
        "꠫"
    ],
    "Fullwidth": [
        "￤"
    ],
    "Halfwidth": [
        "￨",
        "￭",
        "￮"
    ],
    "Object": [
        "￼"
    ],
    "Replacement": [
        "�"
    ],
    "Aegean": [
        "𐄷",
        "𐄸",
        "𐄹",
        "𐄺",
        "𐄻",
        "𐄼",
        "𐄽",
        "𐄾",
        "𐄿"
    ],
    "Greek": [
        "𐅹",
        "𐅺",
        "𐅻",
        "𐅼",
        "𐅽",
        "𐅾",
        "𐅿",
        "𐆀",
        "𐆁",
        "𐆂",
        "𐆃",
        "𐆄",
        "𐆅",
        "𐆆",
        "𐆇",
        "𐆈",
        "𐆉",
        "𐆌",
        "𐆍",
        "𐆠",
        "𝈀",
        "𝈁",
        "𝈂",
        "𝈃",
        "𝈄",
        "𝈅",
        "𝈆",
        "𝈇",
        "𝈈",
        "𝈉",
        "𝈊",
        "𝈋",
        "𝈌",
        "𝈍",
        "𝈎",
        "𝈏",
        "𝈐",
        "𝈑",
        "𝈒",
        "𝈓",
        "𝈔",
        "𝈕",
        "𝈖",
        "𝈗",
        "𝈘",
        "𝈙",
        "𝈚",
        "𝈛",
        "𝈜",
        "𝈝",
        "𝈞",
        "𝈟",
        "𝈠",
        "𝈡",
        "𝈢",
        "𝈣",
        "𝈤",
        "𝈥",
        "𝈦",
        "𝈧",
        "𝈨",
        "𝈩",
        "𝈪",
        "𝈫",
        "𝈬",
        "𝈭",
        "𝈮",
        "𝈯",
        "𝈰",
        "𝈱",
        "𝈲",
        "𝈳",
        "𝈴",
        "𝈵",
        "𝈶",
        "𝈷",
        "𝈸",
        "𝈹",
        "𝈺",
        "𝈻",
        "𝈼",
        "𝈽",
        "𝈾",
        "𝈿",
        "𝉀",
        "𝉁",
        "𝉅"
    ],
    "Nomisma": [
        "𐆎"
    ],
    "Roman": [
        "𐆐",
        "𐆑",
        "𐆒",
        "𐆓",
        "𐆔",
        "𐆕",
        "𐆖",
        "𐆗",
        "𐆘",
        "𐆙",
        "𐆚",
        "𐆛"
    ],
    "Ascia": [
        "𐆜"
    ],
    "Phaistos": [
        "𐇐",
        "𐇑",
        "𐇒",
        "𐇓",
        "𐇔",
        "𐇕",
        "𐇖",
        "𐇗",
        "𐇘",
        "𐇙",
        "𐇚",
        "𐇛",
        "𐇜",
        "𐇝",
        "𐇞",
        "𐇟",
        "𐇠",
        "𐇡",
        "𐇢",
        "𐇣",
        "𐇤",
        "𐇥",
        "𐇦",
        "𐇧",
        "𐇨",
        "𐇩",
        "𐇪",
        "𐇫",
        "𐇬",
        "𐇭",
        "𐇮",
        "𐇯",
        "𐇰",
        "𐇱",
        "𐇲",
        "𐇳",
        "𐇴",
        "𐇵",
        "𐇶",
        "𐇷",
        "𐇸",
        "𐇹",
        "𐇺",
        "𐇻",
        "𐇼"
    ],
    "Palmyrene": [
        "𐡷",
        "𐡸"
    ],
    "Manichaean": [
        "𐫈"
    ],
    "Ahom": [
        "𑜿"
    ],
    "Byzantine": [
        "𝀀",
        "𝀁",
        "𝀂",
        "𝀃",
        "𝀄",
        "𝀅",
        "𝀆",
        "𝀇",
        "𝀈",
        "𝀉",
        "𝀊",
        "𝀋",
        "𝀌",
        "𝀍",
        "𝀎",
        "𝀏",
        "𝀐",
        "𝀑",
        "𝀒",
        "𝀓",
        "𝀔",
        "𝀕",
        "𝀖",
        "𝀗",
        "𝀘",
        "𝀙",
        "𝀚",
        "𝀛",
        "𝀜",
        "𝀝",
        "𝀞",
        "𝀟",
        "𝀠",
        "𝀡",
        "𝀢",
        "𝀣",
        "𝀤",
        "𝀥",
        "𝀦",
        "𝀧",
        "𝀨",
        "𝀩",
        "𝀪",
        "𝀫",
        "𝀬",
        "𝀭",
        "𝀮",
        "𝀯",
        "𝀰",
        "𝀱",
        "𝀲",
        "𝀳",
        "𝀴",
        "𝀵",
        "𝀶",
        "𝀷",
        "𝀸",
        "𝀹",
        "𝀺",
        "𝀻",
        "𝀼",
        "𝀽",
        "𝀾",
        "𝀿",
        "𝁀",
        "𝁁",
        "𝁂",
        "𝁃",
        "𝁄",
        "𝁅",
        "𝁆",
        "𝁇",
        "𝁈",
        "𝁉",
        "𝁊",
        "𝁋",
        "𝁌",
        "𝁍",
        "𝁎",
        "𝁏",
        "𝁐",
        "𝁑",
        "𝁒",
        "𝁓",
        "𝁔",
        "𝁕",
        "𝁖",
        "𝁗",
        "𝁘",
        "𝁙",
        "𝁚",
        "𝁛",
        "𝁜",
        "𝁝",
        "𝁞",
        "𝁟",
        "𝁠",
        "𝁡",
        "𝁢",
        "𝁣",
        "𝁤",
        "𝁥",
        "𝁦",
        "𝁧",
        "𝁨",
        "𝁩",
        "𝁪",
        "𝁫",
        "𝁬",
        "𝁭",
        "𝁮",
        "𝁯",
        "𝁰",
        "𝁱",
        "𝁲",
        "𝁳",
        "𝁴",
        "𝁵",
        "𝁶",
        "𝁷",
        "𝁸",
        "𝁹",
        "𝁺",
        "𝁻",
        "𝁼",
        "𝁽",
        "𝁾",
        "𝁿",
        "𝂀",
        "𝂁",
        "𝂂",
        "𝂃",
        "𝂄",
        "𝂅",
        "𝂆",
        "𝂇",
        "𝂈",
        "𝂉",
        "𝂊",
        "𝂋",
        "𝂌",
        "𝂍",
        "𝂎",
        "𝂏",
        "𝂐",
        "𝂑",
        "𝂒",
        "𝂓",
        "𝂔",
        "𝂕",
        "𝂖",
        "𝂗",
        "𝂘",
        "𝂙",
        "𝂚",
        "𝂛",
        "𝂜",
        "𝂝",
        "𝂞",
        "𝂟",
        "𝂠",
        "𝂡",
        "𝂢",
        "𝂣",
        "𝂤",
        "𝂥",
        "𝂦",
        "𝂧",
        "𝂨",
        "𝂩",
        "𝂪",
        "𝂫",
        "𝂬",
        "𝂭",
        "𝂮",
        "𝂯",
        "𝂰",
        "𝂱",
        "𝂲",
        "𝂳",
        "𝂴",
        "𝂵",
        "𝂶",
        "𝂷",
        "𝂸",
        "𝂹",
        "𝂺",
        "𝂻",
        "𝂼",
        "𝂽",
        "𝂾",
        "𝂿",
        "𝃀",
        "𝃁",
        "𝃂",
        "𝃃",
        "𝃄",
        "𝃅",
        "𝃆",
        "𝃇",
        "𝃈",
        "𝃉",
        "𝃊",
        "𝃋",
        "𝃌",
        "𝃍",
        "𝃎",
        "𝃏",
        "𝃐",
        "𝃑",
        "𝃒",
        "𝃓",
        "𝃔",
        "𝃕",
        "𝃖",
        "𝃗",
        "𝃘",
        "𝃙",
        "𝃚",
        "𝃛",
        "𝃜",
        "𝃝",
        "𝃞",
        "𝃟",
        "𝃠",
        "𝃡",
        "𝃢",
        "𝃣",
        "𝃤",
        "𝃥",
        "𝃦",
        "𝃧",
        "𝃨",
        "𝃩",
        "𝃪",
        "𝃫",
        "𝃬",
        "𝃭",
        "𝃮",
        "𝃯",
        "𝃰",
        "𝃱",
        "𝃲",
        "𝃳",
        "𝃴",
        "𝃵"
    ],
    "Musical": [
        "𝄀",
        "𝄁",
        "𝄂",
        "𝄃",
        "𝄄",
        "𝄅",
        "𝄆",
        "𝄇",
        "𝄈",
        "𝄉",
        "𝄊",
        "𝄋",
        "𝄌",
        "𝄍",
        "𝄎",
        "𝄏",
        "𝄐",
        "𝄑",
        "𝄒",
        "𝄓",
        "𝄔",
        "𝄕",
        "𝄖",
        "𝄗",
        "𝄘",
        "𝄙",
        "𝄚",
        "𝄛",
        "𝄜",
        "𝄝",
        "𝄞",
        "𝄟",
        "𝄠",
        "𝄡",
        "𝄢",
        "𝄣",
        "𝄤",
        "𝄥",
        "𝄦",
        "𝄩",
        "𝄪",
        "𝄫",
        "𝄬",
        "𝄭",
        "𝄮",
        "𝄯",
        "𝄰",
        "𝄱",
        "𝄲",
        "𝄳",
        "𝄴",
        "𝄵",
        "𝄶",
        "𝄷",
        "𝄸",
        "𝄹",
        "𝄺",
        "𝄻",
        "𝄼",
        "𝄽",
        "𝄾",
        "𝄿",
        "𝅀",
        "𝅁",
        "𝅂",
        "𝅃",
        "𝅄",
        "𝅅",
        "𝅆",
        "𝅇",
        "𝅈",
        "𝅉",
        "𝅊",
        "𝅋",
        "𝅌",
        "𝅍",
        "𝅎",
        "𝅏",
        "𝅐",
        "𝅑",
        "𝅒",
        "𝅓",
        "𝅔",
        "𝅕",
        "𝅖",
        "𝅗",
        "𝅘",
        "𝅙",
        "𝅚",
        "𝅛",
        "𝅜",
        "𝅝",
        "𝅗𝅥",
        "𝅘𝅥",
        "𝅘𝅥𝅮",
        "𝅘𝅥𝅯",
        "𝅘𝅥𝅰",
        "𝅘𝅥𝅱",
        "𝅘𝅥𝅲",
        "𝅪",
        "𝅫",
        "𝅬",
        "𝆃",
        "𝆄",
        "𝆌",
        "𝆍",
        "𝆎",
        "𝆏",
        "𝆐",
        "𝆑",
        "𝆒",
        "𝆓",
        "𝆔",
        "𝆕",
        "𝆖",
        "𝆗",
        "𝆘",
        "𝆙",
        "𝆚",
        "𝆛",
        "𝆜",
        "𝆝",
        "𝆞",
        "𝆟",
        "𝆠",
        "𝆡",
        "𝆢",
        "𝆣",
        "𝆤",
        "𝆥",
        "𝆦",
        "𝆧",
        "𝆨",
        "𝆩",
        "𝆮",
        "𝆯",
        "𝆰",
        "𝆱",
        "𝆲",
        "𝆳",
        "𝆴",
        "𝆵",
        "𝆶",
        "𝆷",
        "𝆸",
        "𝆹",
        "𝆺",
        "𝆹𝅥",
        "𝆺𝅥",
        "𝆹𝅥𝅮",
        "𝆺𝅥𝅮",
        "𝆹𝅥𝅯",
        "𝆺𝅥𝅯",
        "𝇁",
        "𝇂",
        "𝇃",
        "𝇄",
        "𝇅",
        "𝇆",
        "𝇇",
        "𝇈",
        "𝇉",
        "𝇊",
        "𝇋",
        "𝇌",
        "𝇍",
        "𝇎",
        "𝇏",
        "𝇐",
        "𝇑",
        "𝇒",
        "𝇓",
        "𝇔",
        "𝇕",
        "𝇖",
        "𝇗",
        "𝇘",
        "𝇙",
        "𝇚",
        "𝇛",
        "𝇜",
        "𝇝",
        "𝇞",
        "𝇟",
        "𝇠",
        "𝇡",
        "𝇢",
        "𝇣",
        "𝇤",
        "𝇥",
        "𝇦",
        "𝇧",
        "𝇨"
    ],
    "Tetragram": [
        "𝌆",
        "𝌇",
        "𝌈",
        "𝌉",
        "𝌊",
        "𝌋",
        "𝌌",
        "𝌍",
        "𝌎",
        "𝌏",
        "𝌐",
        "𝌑",
        "𝌒",
        "𝌓",
        "𝌔",
        "𝌕",
        "𝌖",
        "𝌗",
        "𝌘",
        "𝌙",
        "𝌚",
        "𝌛",
        "𝌜",
        "𝌝",
        "𝌞",
        "𝌟",
        "𝌠",
        "𝌡",
        "𝌢",
        "𝌣",
        "𝌤",
        "𝌥",
        "𝌦",
        "𝌧",
        "𝌨",
        "𝌩",
        "𝌪",
        "𝌫",
        "𝌬",
        "𝌭",
        "𝌮",
        "𝌯",
        "𝌰",
        "𝌱",
        "𝌲",
        "𝌳",
        "𝌴",
        "𝌵",
        "𝌶",
        "𝌷",
        "𝌸",
        "𝌹",
        "𝌺",
        "𝌻",
        "𝌼",
        "𝌽",
        "𝌾",
        "𝌿",
        "𝍀",
        "𝍁",
        "𝍂",
        "𝍃",
        "𝍄",
        "𝍅",
        "𝍆",
        "𝍇",
        "𝍈",
        "𝍉",
        "𝍊",
        "𝍋",
        "𝍌",
        "𝍍",
        "𝍎",
        "𝍏",
        "𝍐",
        "𝍑",
        "𝍒",
        "𝍓",
        "𝍔",
        "𝍕",
        "𝍖"
    ],
    "Nyiakeng": [
        "𞅏"
    ],
    "Indic": [
        "𞲬"
    ],
    "Ottoman": [
        "𞴮"
    ],
    "Mahjong": [
        "🀀",
        "🀁",
        "🀂",
        "🀃",
        "🀅",
        "🀆",
        "🀇",
        "🀈",
        "🀉",
        "🀊",
        "🀋",
        "🀌",
        "🀍",
        "🀎",
        "🀏",
        "🀐",
        "🀑",
        "🀒",
        "🀓",
        "🀔",
        "🀕",
        "🀖",
        "🀗",
        "🀘",
        "🀙",
        "🀚",
        "🀛",
        "🀜",
        "🀝",
        "🀞",
        "🀟",
        "🀠",
        "🀡",
        "🀢",
        "🀣",
        "🀤",
        "🀥",
        "🀦",
        "🀧",
        "🀨",
        "🀩",
        "🀪",
        "🀫"
    ],
    "Domino": [
        "🀰",
        "🀱",
        "🀲",
        "🀳",
        "🀴",
        "🀵",
        "🀶",
        "🀷",
        "🀸",
        "🀹",
        "🀺",
        "🀻",
        "🀼",
        "🀽",
        "🀾",
        "🀿",
        "🁀",
        "🁁",
        "🁂",
        "🁃",
        "🁄",
        "🁅",
        "🁆",
        "🁇",
        "🁈",
        "🁉",
        "🁊",
        "🁋",
        "🁌",
        "🁍",
        "🁎",
        "🁏",
        "🁐",
        "🁑",
        "🁒",
        "🁓",
        "🁔",
        "🁕",
        "🁖",
        "🁗",
        "🁘",
        "🁙",
        "🁚",
        "🁛",
        "🁜",
        "🁝",
        "🁞",
        "🁟",
        "🁠",
        "🁡",
        "🁢",
        "🁣",
        "🁤",
        "🁥",
        "🁦",
        "🁧",
        "🁨",
        "🁩",
        "🁪",
        "🁫",
        "🁬",
        "🁭",
        "🁮",
        "🁯",
        "🁰",
        "🁱",
        "🁲",
        "🁳",
        "🁴",
        "🁵",
        "🁶",
        "🁷",
        "🁸",
        "🁹",
        "🁺",
        "🁻",
        "🁼",
        "🁽",
        "🁾",
        "🁿",
        "🂀",
        "🂁",
        "🂂",
        "🂃",
        "🂄",
        "🂅",
        "🂆",
        "🂇",
        "🂈",
        "🂉",
        "🂊",
        "🂋",
        "🂌",
        "🂍",
        "🂎",
        "🂏",
        "🂐",
        "🂑",
        "🂒",
        "🂓"
    ],
    "Playing": [
        "🂠",
        "🂡",
        "🂢",
        "🂣",
        "🂤",
        "🂥",
        "🂦",
        "🂧",
        "🂨",
        "🂩",
        "🂪",
        "🂫",
        "🂬",
        "🂭",
        "🂮",
        "🂱",
        "🂲",
        "🂳",
        "🂴",
        "🂵",
        "🂶",
        "🂷",
        "🂸",
        "🂹",
        "🂺",
        "🂻",
        "🂼",
        "🂽",
        "🂾",
        "🂿",
        "🃁",
        "🃂",
        "🃃",
        "🃄",
        "🃅",
        "🃆",
        "🃇",
        "🃈",
        "🃉",
        "🃊",
        "🃋",
        "🃌",
        "🃍",
        "🃎",
        "🃏",
        "🃑",
        "🃒",
        "🃓",
        "🃔",
        "🃕",
        "🃖",
        "🃗",
        "🃘",
        "🃙",
        "🃚",
        "🃛",
        "🃜",
        "🃝",
        "🃞",
        "🃟",
        "🃠",
        "🃡",
        "🃢",
        "🃣",
        "🃤",
        "🃥",
        "🃦",
        "🃧",
        "🃨",
        "🃩",
        "🃪",
        "🃫",
        "🃬",
        "🃭",
        "🃮",
        "🃯",
        "🃰",
        "🃱",
        "🃲",
        "🃳",
        "🃴",
        "🃵"
    ],
    "Tortoise": [
        "🄪",
        "🉀",
        "🉁",
        "🉂",
        "🉃",
        "🉄",
        "🉅",
        "🉆",
        "🉇",
        "🉈"
    ],
    "Copyleft": [
        "🄯"
    ],
    "Regional": [
        "🇦",
        "🇧",
        "🇨",
        "🇩",
        "🇪",
        "🇫",
        "🇬",
        "🇭",
        "🇮",
        "🇯",
        "🇰",
        "🇱",
        "🇲",
        "🇳",
        "🇴",
        "🇵",
        "🇶",
        "🇷",
        "🇸",
        "🇹",
        "🇺",
        "🇻",
        "🇼",
        "🇽",
        "🇾",
        "🇿"
    ],
    "Thermometer": [
        "🌡"
    ],
    "Fog": [
        "🌫"
    ],
    "Wind": [
        "🌬"
    ],
    "Celtic": [
        "🕈"
    ],
    "Om": [
        "🕉"
    ],
    "Dove": [
        "🕊"
    ],
    "Kaaba": [
        "🕋"
    ],
    "Mosque": [
        "🕌"
    ],
    "Synagogue": [
        "🕍"
    ],
    "Menorah": [
        "🕎"
    ],
    "Bullhorn": [
        "🕫",
        "🕬"
    ],
    "Ringing": [
        "🕭"
    ],
    "Book": [
        "🕮"
    ],
    "Candle": [
        "🕯"
    ],
    "Mantelpiece": [
        "🕰"
    ],
    "Hole": [
        "🕳"
    ],
    "Spider": [
        "🕷",
        "🕸"
    ],
    "Joystick": [
        "🕹"
    ],
    "Clamshell": [
        "🖁"
    ],
    "Back": [
        "🖂"
    ],
    "Stamped": [
        "🖃"
    ],
    "Flying": [
        "🖅"
    ],
    "Pen": [
        "🖆"
    ],
    "Linked": [
        "🖇"
    ],
    "Sideways": [
        "🖘",
        "🖙",
        "🖚",
        "🖛",
        "🖞",
        "🖟",
        "🖠",
        "🖡"
    ],
    "Desktop": [
        "🖥",
        "🗔"
    ],
    "Printer": [
        "🖨",
        "🖶"
    ],
    "Pocket": [
        "🖩"
    ],
    "Soft": [
        "🖬"
    ],
    "Wired": [
        "🖮"
    ],
    "One": [
        "🖯"
    ],
    "Two": [
        "🖰",
        "🗪"
    ],
    "Trackball": [
        "🖲"
    ],
    "Old": [
        "🖳",
        "🗝"
    ],
    "Hard": [
        "🖴"
    ],
    "Screen": [
        "🖵"
    ],
    "Fax": [
        "🖷"
    ],
    "Optical": [
        "🖸"
    ],
    "Document": [
        "🖹",
        "🖺",
        "🖻",
        "🗎"
    ],
    "Frame": [
        "🖼",
        "🖽",
        "🖾"
    ],
    "Folder": [
        "🗀"
    ],
    "Card": [
        "🗂",
        "🗃"
    ],
    "File": [
        "🗄"
    ],
    "Empty": [
        "🗅",
        "🗆",
        "🗇",
        "🗋",
        "🗌",
        "🗍"
    ],
    "Note": [
        "🗈",
        "🗉",
        "🗊"
    ],
    "Page": [
        "🗏",
        "🗟"
    ],
    "Pages": [
        "🗐"
    ],
    "Wastebasket": [
        "🗑"
    ],
    "Spiral": [
        "🗒",
        "🗓"
    ],
    "Minimize": [
        "🗕"
    ],
    "Maximize": [
        "🗖"
    ],
    "Overlap": [
        "🗗"
    ],
    "Cancellation": [
        "🗙"
    ],
    "Increase": [
        "🗚"
    ],
    "Decrease": [
        "🗛"
    ],
    "Compression": [
        "🗜"
    ],
    "Rolled-Up": [
        "🗞"
    ],
    "Stock": [
        "🗠"
    ],
    "Dagger": [
        "🗡"
    ],
    "Lips": [
        "🗢"
    ],
    "Speaking": [
        "🗣"
    ],
    "Mood": [
        "🗰"
    ],
    "World": [
        "🗺"
    ],
    "Hollow": [
        "🙨",
        "🙩"
    ],
    "Solid": [
        "🙪",
        "🙫"
    ],
    "Script": [
        "🙰"
    ],
    "Ligature": [
        "🙲"
    ],
    "Swash": [
        "🙵"
    ],
    "Sans-Serif": [
        "🙶",
        "🙷",
        "🙸",
        "🙺"
    ],
    "Very": [
        "🙼",
        "🙽",
        "🞈",
        "🞒",
        "🞥",
        "🞦",
        "🞭",
        "🞳",
        "🞹",
        "🞿",
        "🟐"
    ],
    "Checker": [
        "🙾"
    ],
    "Reverse": [
        "🙿",
        "🟈"
    ],
    "Alchemical": [
        "🜀",
        "🜁",
        "🜂",
        "🜃",
        "🜄",
        "🜅",
        "🜆",
        "🜇",
        "🜈",
        "🜉",
        "🜊",
        "🜋",
        "🜌",
        "🜍",
        "🜎",
        "🜏",
        "🜐",
        "🜑",
        "🜒",
        "🜓",
        "🜔",
        "🜕",
        "🜖",
        "🜗",
        "🜘",
        "🜙",
        "🜚",
        "🜛",
        "🜜",
        "🜝",
        "🜞",
        "🜟",
        "🜠",
        "🜡",
        "🜢",
        "🜣",
        "🜤",
        "🜥",
        "🜦",
        "🜧",
        "🜨",
        "🜩",
        "🜪",
        "🜫",
        "🜬",
        "🜭",
        "🜮",
        "🜯",
        "🜰",
        "🜱",
        "🜲",
        "🜳",
        "🜴",
        "🜵",
        "🜶",
        "🜷",
        "🜸",
        "🜹",
        "🜺",
        "🜻",
        "🜼",
        "🜽",
        "🜾",
        "🜿",
        "🝀",
        "🝁",
        "🝂",
        "🝃",
        "🝄",
        "🝅",
        "🝆",
        "🝇",
        "🝈",
        "🝉",
        "🝊",
        "🝋",
        "🝌",
        "🝍",
        "🝎",
        "🝏",
        "🝐",
        "🝑",
        "🝒",
        "🝓",
        "🝔",
        "🝕",
        "🝖",
        "🝗",
        "🝘",
        "🝙",
        "🝚",
        "🝛",
        "🝜",
        "🝝",
        "🝞",
        "🝟",
        "🝠",
        "🝡",
        "🝢",
        "🝣",
        "🝤",
        "🝥",
        "🝦",
        "🝧",
        "🝨",
        "🝩",
        "🝪",
        "🝫",
        "🝬",
        "🝭",
        "🝮",
        "🝯",
        "🝰",
        "🝱",
        "🝲",
        "🝳"
    ],
    "Bold": [
        "🞆",
        "🞤",
        "🞫",
        "🞱",
        "🞷",
        "🞽"
    ],
    "Extremely": [
        "🞉",
        "🞓",
        "🞧",
        "🞮",
        "🞴",
        "🞺"
    ],
    "Thin": [
        "🞡",
        "🞨"
    ],
    "Wide-Headed": [
        "🡠",
        "🡡",
        "🡢",
        "🡣",
        "🡤",
        "🡥",
        "🡦",
        "🡧",
        "🡨",
        "🡩",
        "🡪",
        "🡫",
        "🡬",
        "🡭",
        "🡮",
        "🡯",
        "🡰",
        "🡱",
        "🡲",
        "🡳",
        "🡴",
        "🡵",
        "🡶",
        "🡷",
        "🡸",
        "🡹",
        "🡺",
        "🡻",
        "🡼",
        "🡽",
        "🡾",
        "🡿",
        "🢀",
        "🢁",
        "🢂",
        "🢃",
        "🢄",
        "🢅",
        "🢆",
        "🢇"
    ]
}